,Id,groupId,matchId,assists,boosts,damageDealt,DBNOs,headshotKills,heals,killPlace,killPoints,kills,killStreaks,longestKill,matchDuration,matchType,maxPlace,numGroups,rankPoints,revives,rideDistance,roadKills,swimDistance,teamKills,vehicleDestroys,walkDistance,weaponsAcquired,winPoints,winPlacePerc,Total Distance,moving_group,weapon_group
21842,ddd3f3db2e40af,7d9811ed89d03a,2ab8ef7955d1d9,1,0,342.9,2,1,0,11,0,3,3,12.19,1349,duo-fpp,46,44,1491,0,0.0,0,0.0,0,0,27.61,1,0,0.1556,27.61,<=10.00%,<=10.00%
24110,7d5c3aabe63572,a00b3073d12086,237585cba79025,0,0,494.8,0,1,0,6,0,4,4,19.82,1414,solo-fpp,92,92,1941,0,0.0,0,0.0,0,0,18.85,1,0,0.1099,18.85,<=10.00%,<=10.00%
25500,3aca81399975bb,f862fbd6f58139,a724d1f6fea21b,0,0,344.5,1,0,0,22,1544,2,2,6.235,1424,duo-fpp,47,46,-1,0,0.0,0,0.0,0,0,22.34,1,1553,0.0217,22.34,<=10.00%,<=10.00%
30117,354c12fdf318cc,e8a0a7e3408def,3d99e6dc84792b,0,0,365.0,0,0,0,11,0,0,0,0.0,1807,solo,14,2,1500,0,0.0,0,0.0,0,0,0.0,3,0,0.0,0.0,<=10.00%,<=40.00%
40756,2d98a6b05e0977,2452cb67096aaf,0c565888b3c1c6,0,0,400.0,1,2,0,7,0,4,4,0.8031,1936,duo,47,41,1531,0,0.0,0,0.0,0,0,22.94,0,0,0.1304,22.94,<=10.00%,<=10.00%
42034,390191b470505b,a0d33c1f1c4278,03da8c737b3fe2,0,0,491.7,0,0,0,7,0,0,0,0.0,1808,solo,17,2,1500,0,0.0,0,0.0,0,0,0.0,5,0,0.0,0.0,<=10.00%,<=70.00%
47241,d66b1f32585f7a,ec57b7fc28644f,ea5ba780c3861d,0,0,1051.0,0,0,0,7,0,0,0,0.0,1808,solo,18,2,1500,0,0.0,0,0.0,0,0,0.0,3,0,0.0,0.0,<=10.00%,<=40.00%
50007,548c8aee07a9b9,039233e3876bf1,f1a720444a7923,0,0,545.7,0,0,0,16,0,0,0,0.0,1808,solo,17,2,1500,0,0.0,0,0.0,0,0,0.0,3,0,0.0,0.0,<=10.00%,<=40.00%
53375,68997f8e9aa924,08ab041b679619,db52009c6b2301,0,0,343.0,2,0,0,17,1724,3,2,9.975,1272,squad-fpp,28,28,-1,0,0.0,0,0.0,0,0,29.6,1,1540,0.1852,29.6,<=10.00%,<=10.00%
63390,94c9cb10e43daa,70989d9beecc96,20ac97e69f1268,0,0,376.1,0,0,0,12,0,3,3,21.3,1400,solo-fpp,93,92,1628,0,0.0,0,0.0,0,0,30.97,1,0,0.0978,30.97,<=10.00%,<=10.00%
71469,f09c2ecc99b763,49fe5e626935ba,0101ab001bb2c2,0,0,356.4,0,0,0,15,0,0,0,0.0,1808,solo,16,2,1500,0,0.0,0,0.0,0,0,0.0,2,0,0.0,0.0,<=10.00%,<=20.00%
77079,a39c7810db5796,6cc224f7cfb71e,f773dc7da68845,0,0,388.6,2,1,0,12,1125,3,2,0.8149,1967,squad,26,25,-1,0,0.0,0,0.0,0,0,27.69,0,1412,0.12,27.69,<=10.00%,<=10.00%
85102,aea550fbabf3ed,f8150bb40a6821,fe6875c748e67d,0,0,338.7,0,0,0,10,0,0,0,0.0,1639,solo,19,1,1500,0,0.0,0,0.0,0,0,0.0,4,0,0.0,0.0,<=10.00%,<=60.00%
86714,35ed4abf74bdfe,e27c4b8943eed8,162e0a11b967bb,0,0,765.4,0,0,0,15,0,0,0,0.0,1808,solo,18,2,1500,0,0.0,0,0.0,0,0,0.0,3,0,0.0,0.0,<=10.00%,<=40.00%
117517,14775836da1f3e,2d03c8cef40074,ad64e518208d26,0,0,693.0,0,0,0,11,0,0,0,0.0,1808,solo,18,2,1500,0,0.0,0,0.0,0,0,0.0,4,0,0.0,0.0,<=10.00%,<=60.00%
128163,d112099cb27b26,ea1d66e32715f1,05b61eacec008d,0,0,400.0,0,0,1,7,0,4,2,13.23,1389,solo-fpp,90,87,1496,0,0.0,0,0.0,0,0,39.49,3,0,0.2135,39.49,<=10.00%,<=40.00%
142810,6e40b5b9856df9,988f7c316f8cf4,743e408f65e2d4,0,0,348.5,2,0,0,21,1343,2,2,7.943,1881,duo-fpp,48,46,-1,0,0.0,0,0.0,0,0,20.79,1,1465,0.1064,20.79,<=10.00%,<=10.00%
149814,4041d7a69a77c0,3fe059a336b2de,2114f7ea120166,0,0,396.0,0,0,0,17,0,0,0,0.0,1808,solo,18,2,1500,0,0.0,0,0.0,0,0,0.0,2,0,0.0,0.0,<=10.00%,<=20.00%
154942,851ff1c51b5a82,255c7aa88c9609,30ec1426e1d434,0,0,397.9,0,0,0,16,0,0,0,0.0,1808,solo,19,2,1500,0,0.0,0,0.0,0,0,0.0,2,0,0.0,0.0,<=10.00%,<=20.00%
167019,139e0f70813e78,e7b5fe76776eff,7a243846f0271a,0,0,495.0,0,0,0,5,0,0,0,0.0,1808,solo,20,2,1500,0,0.0,0,0.0,0,0,0.0,3,0,0.0,0.0,<=10.00%,<=40.00%
167664,ffad694a4d0bc1,664b53a1f9ecba,8a7bfdd72498b2,0,6,435.4,0,0,2,1,0,0,0,0.0,1808,solo,16,2,1500,0,0.0,0,0.0,0,0,0.0,6,0,1.0,0.0,<=10.00%,<=90.00%
168443,2e184212be594b,e8a0a7e3408def,3d99e6dc84792b,0,0,585.5,0,0,0,12,0,0,0,0.0,1807,solo,14,2,1500,0,0.0,0,0.0,0,0,0.0,2,0,0.0,0.0,<=10.00%,<=20.00%
190342,37c027418a2211,e9ca545a648078,838cb9a3c94598,1,0,359.0,0,0,0,34,0,3,1,46.23,1195,normal-squad-fpp,8,8,1500,0,0.0,0,0.0,0,0,0.0,6,0,0.0,0.0,<=10.00%,<=90.00%
197346,83da77c5cc649f,a10253e8f94475,72fd13e334dc59,0,3,356.4,0,0,0,4,0,0,0,0.0,1808,solo,14,2,1500,0,0.0,0,0.0,0,0,0.0,6,0,0.0,0.0,<=10.00%,<=90.00%
199806,1a52d4481583cb,ddfd237bb66857,2798696f6875d7,0,0,392.8,0,0,0,10,0,0,0,0.0,950,solo,20,1,1500,0,0.0,0,0.0,0,0,0.0,3,0,0.0,0.0,<=10.00%,<=40.00%
200023,220883d461e032,96f42c4677e5d2,a09b90fa1ac78b,0,0,587.3,0,0,0,3,0,0,0,0.0,1808,solo,16,2,1500,0,0.0,0,0.0,0,0,0.0,5,0,0.0,0.0,<=10.00%,<=70.00%
208152,68bd97d3a19794,0fc8de1082beba,a332f93c6347d6,0,0,347.3,3,0,0,19,1557,2,2,24.09,1379,squad-fpp,27,27,0,0,0.0,0,0.0,0,0,29.37,1,1494,0.2308,29.37,<=10.00%,<=10.00%
217214,f043c238ef6bea,eab9b9c34741e8,8c43a919b90a79,0,0,352.4,0,0,0,15,0,0,0,0.0,1808,solo,15,2,1500,0,0.0,0,0.0,0,0,0.0,4,0,0.0,0.0,<=10.00%,<=60.00%
218282,08d921b59bccb1,4915c9d1fec15e,1ccaafb8664eb9,0,0,465.1,0,0,0,6,0,4,2,15.98,1821,solo,98,92,1504,0,0.0,0,0.0,0,0,35.32,1,0,0.1856,35.32,<=10.00%,<=10.00%
223942,32417b9b1177e0,1bf6cbb4964d9c,7b2de51ac5168c,0,0,396.0,0,0,0,15,0,0,0,0.0,1609,solo,19,1,1500,0,0.0,0,0.0,0,0,0.0,4,0,0.0,0.0,<=10.00%,<=60.00%
228009,64570ea6ddd233,56e9c0404dee82,7ca93693293885,1,0,381.9,3,2,0,20,0,2,1,8.1,1388,squad-fpp,27,27,1473,0,0.0,0,0.0,0,0,10.92,1,0,0.4231,10.92,<=10.00%,<=10.00%
241579,4ea86ad6f8faf1,68639d99ec881c,4ca5433ee59a0b,1,0,342.1,3,0,3,10,0,3,3,19.13,1778,duo-fpp,49,47,1516,1,0.0,0,0.0,0,0,42.15,2,0,0.125,42.15,<=10.00%,<=20.00%
248672,9b2bee55c5d97e,b3e3e4fcc81290,e75b4bcbfd2aa8,2,0,334.8,2,0,0,13,1739,3,3,9.672,1295,squad-fpp,29,27,-1,0,0.0,0,0.0,0,0,29.19,2,1487,0.1786,29.19,<=10.00%,<=20.00%
249311,d5da8f5ff71b6d,36286d96dbd0eb,01ad9ab6e931b8,0,0,396.8,0,0,0,14,0,0,0,0.0,1808,solo,17,2,1500,0,0.0,0,0.0,0,0,0.0,5,0,0.0,0.0,<=10.00%,<=70.00%
252701,b19a16d065bfc9,52a8d36f639df9,b47dad51604d5b,0,0,437.0,0,0,0,10,0,0,0,0.0,1808,solo,17,2,1500,0,0.0,0,0.0,0,0,0.0,2,0,0.0,0.0,<=10.00%,<=20.00%
261228,d7ac32a444ceec,30f90a8e10a9b5,43e2d9b1e8fce9,4,0,349.0,0,0,0,12,0,0,0,0.0,784,normal-solo-fpp,11,6,1500,0,0.0,0,0.0,0,0,0.0,6,0,0.9,0.0,<=10.00%,<=90.00%
267142,aa70fd56c69ed8,d080bed23b4470,40a593cfa78aed,0,0,340.4,2,0,0,17,0,2,2,11.19,1487,squad-fpp,28,26,1491,0,0.0,0,0.0,0,0,25.27,1,0,0.1481,25.27,<=10.00%,<=10.00%
275935,1403f5acf0bc1b,414eabd1621b45,1780ad1fc7996e,0,0,483.8,0,0,0,7,0,0,0,0.0,1808,solo,18,2,1500,0,0.0,0,0.0,0,0,0.0,5,0,0.0,0.0,<=10.00%,<=70.00%
284118,1a9e6406df845f,7aa8ba0a7774aa,d4c8317777b470,0,0,353.9,3,1,0,20,1051,2,1,4.954,1452,squad,29,29,-1,0,0.0,0,0.0,0,0,30.48,2,1450,0.0357,30.48,<=10.00%,<=20.00%
293346,2955132909513a,2f262a490fd36d,8b1af8b54b0edb,0,0,490.6,0,0,0,6,0,0,0,0.0,1808,solo,18,2,1500,0,0.0,0,0.0,0,0,0.0,3,0,0.0,0.0,<=10.00%,<=40.00%
302379,1109fdeed9cd54,177c31665ea5b6,aaccdd6417bc21,0,0,368.0,3,0,0,32,0,1,1,12.03,1289,squad-fpp,28,26,1500,0,0.0,0,0.0,0,0,35.75,1,0,0.0,35.75,<=10.00%,<=10.00%
302683,1dc38aebd702bd,c9d170c54e0ddb,9f916f679d50c6,0,1,445.0,0,0,1,7,0,0,0,0.0,1808,solo,17,2,1500,0,0.0,0,0.0,0,0,0.0,4,0,0.0,0.0,<=10.00%,<=60.00%
304071,bee1934b1f4773,141b2d98c52a6b,30b0db99a9b17c,0,0,400.0,3,0,0,7,0,4,4,2.914,1804,squad-fpp,27,27,1402,0,0.0,0,0.0,1,0,35.13,2,0,0.1154,35.13,<=10.00%,<=20.00%
305227,51a7a55b137978,b84478aa507b15,294254378504d5,0,0,391.0,0,0,0,3,0,0,0,0.0,1808,solo,18,2,1500,0,0.0,0,0.0,0,0,0.0,4,0,0.0,0.0,<=10.00%,<=60.00%
333869,3e42ec8502de57,6f585b07ef054f,3fea6018fba542,0,0,366.2,2,0,0,22,0,2,2,50.71,1186,duo-fpp,50,47,1475,0,0.0,0,0.0,0,0,11.85,1,0,0.0816,11.85,<=10.00%,<=10.00%
350397,7d2a2376b2b00b,447cf4def8fb39,0b0faaee5a98e9,0,0,337.5,3,1,0,24,0,2,2,10.74,1840,squad,26,26,1382,0,0.0,0,0.0,0,0,32.97,1,0,0.0,32.97,<=10.00%,<=10.00%
351457,bf77dd6cc26dbd,365d6ecdd9f9f7,445a37e3465fec,0,0,337.6,0,0,0,8,0,0,0,0.0,1808,solo,18,2,1500,0,0.0,0,0.0,0,0,0.0,5,0,0.0,0.0,<=10.00%,<=70.00%
353240,cfae67a3898461,2a99c42cc020dc,4a41a495d0dc58,0,0,359.9,0,0,0,18,0,0,0,0.0,1808,solo,18,2,1500,0,0.0,0,0.0,0,0,0.0,1,0,0.0,0.0,<=10.00%,<=10.00%
357222,5cc54a24eb6b92,4e0a67275c6954,42f14b3483d7b2,0,0,1115.0,0,0,0,2,0,0,0,0.0,1808,solo,17,2,1500,0,0.0,0,0.0,0,0,0.0,2,0,1.0,0.0,<=10.00%,<=20.00%
364888,3431fb3e9aa2ee,b31c3abf0e37c4,9ff97e7b092dae,0,0,408.4,2,2,0,4,0,4,2,13.6,1348,duo-fpp,49,48,1485,0,0.0,0,0.0,0,0,27.69,1,0,0.2083,27.69,<=10.00%,<=10.00%
371738,61ee321b3e3923,d2789c16b9ce99,6ce78034d8f100,0,0,917.1,0,0,0,15,0,0,0,0.0,1606,solo,19,1,1500,0,0.0,0,0.0,0,0,0.0,4,0,0.0,0.0,<=10.00%,<=60.00%
376245,01005865c9949c,0410219f76afc7,c839935ed743ad,0,0,369.1,3,0,0,42,0,1,1,11.48,1767,squad-fpp,28,28,1392,0,0.0,0,0.0,0,0,21.81,2,0,0.0,21.81,<=10.00%,<=20.00%
377586,a037ec6c67862c,668893c2deb277,990653af8e532c,2,0,388.7,0,0,0,44,1470,1,1,16.53,1391,solo-fpp,100,96,-1,0,0.0,0,0.0,0,0,30.48,1,1437,0.1818,30.48,<=10.00%,<=10.00%
387009,a1fcd1c8be2228,87b520de98dd6d,eae1670af29f15,0,0,482.1,0,0,0,10,0,0,0,0.0,1808,solo,18,2,1500,0,0.0,0,0.0,0,0,0.0,1,0,0.0,0.0,<=10.00%,<=10.00%
410687,6379381d3b8a9a,b40694fe2008ac,896f3369c36160,0,0,340.2,0,0,0,15,0,0,0,0.0,1803,solo,17,2,1500,0,0.0,0,0.0,0,0,0.0,1,0,0.0,0.0,<=10.00%,<=10.00%
427765,4519dcbe90184b,b4d53c320cc58f,01435d33376fd0,0,0,956.5,0,0,0,11,0,0,0,0.0,1808,solo,15,2,1500,0,0.0,0,0.0,0,0,0.0,1,0,0.0,0.0,<=10.00%,<=10.00%
438653,6a5797e6215297,2aac4e449b8322,99ca0bfa6d1868,1,0,342.9,0,1,1,22,1051,2,2,48.97,1413,solo-fpp,98,96,-1,0,0.0,0,0.0,0,0,12.79,1,1502,0.3299,12.79,<=10.00%,<=10.00%
457423,641f7d4243b3c9,0470b782aed4ad,2786062700ee33,0,0,1531.0,0,0,1,13,0,0,0,0.0,1808,solo,19,2,1500,0,0.0,0,0.0,0,0,0.0,3,0,0.0,0.0,<=10.00%,<=40.00%
457993,21f33826c39e47,9b7d53fce75c19,b6e5873aaa22e6,1,0,336.2,2,0,0,19,1740,2,2,36.39,1381,squad-fpp,29,28,-1,0,0.0,0,0.0,0,0,25.31,1,1656,0.0714,25.31,<=10.00%,<=10.00%
464987,53311b66762bb7,5cec6fa1b1086e,1b941d589533f3,0,0,515.2,0,0,0,9,0,0,0,0.0,1808,solo,16,2,1500,0,0.0,0,0.0,0,0,0.0,3,0,0.0,0.0,<=10.00%,<=40.00%
467165,39c87d5443e18e,dff6832813db15,d2d16e7e05b3d2,0,0,417.4,0,0,0,12,0,0,0,0.0,1512,solo,18,1,1500,0,0.0,0,0.0,0,0,0.0,5,0,0.0,0.0,<=10.00%,<=70.00%
467543,9545ec275b7345,da01511375a6ed,493e77e3463f12,0,0,667.6,0,0,0,6,0,0,0,0.0,1808,solo,16,2,1500,0,0.0,0,0.0,0,0,0.0,3,0,0.0,0.0,<=10.00%,<=40.00%
477208,1433f7c56adbfe,cce475a80fe633,960fcef8c33e13,0,0,380.1,0,0,0,14,0,0,0,0.0,1808,solo,16,2,1500,0,0.0,0,0.0,0,0,0.0,1,0,0.0,0.0,<=10.00%,<=10.00%
487738,d1e722641c3c20,82f6d8c7f6a763,b0ef753f6b88c6,0,0,353.6,3,0,0,6,0,4,4,9.062,1399,squad-fpp,28,27,1307,0,0.0,0,0.0,0,0,26.63,1,0,0.0741,26.63,<=10.00%,<=10.00%
493143,d3de2944e62cb8,b930f4989a1762,8ac9b7a71bde89,0,0,338.0,3,0,0,11,0,3,3,9.056,1978,squad,27,27,1507,0,0.0,0,0.0,0,0,41.71,2,0,0.0385,41.71,<=10.00%,<=20.00%
509043,5e399e5e097850,f603d46c0cf8e6,c62a9311ca6624,0,0,594.0,0,0,0,16,0,0,0,0.0,1808,solo,17,2,1500,0,0.0,0,0.0,0,0,0.0,3,0,0.0,0.0,<=10.00%,<=40.00%
513525,1bbe80ac150a6a,d4009ffa95bb4f,73f3ed869c9171,0,0,423.9,0,4,0,16,0,6,2,63.75,599,normal-squad-fpp,15,15,1500,0,0.0,0,0.0,0,0,0.0,4,0,0.8571,0.0,<=10.00%,<=60.00%
524443,8275e3d2dc8695,4b12676589b3ab,519ccfec17a205,0,0,345.8,0,0,0,14,0,0,0,0.0,1808,solo,20,2,1500,0,0.0,0,0.0,0,0,0.0,2,0,0.0,0.0,<=10.00%,<=20.00%
526837,1d67a66fea9f67,e1bb59564cae8f,a1df8b982127be,0,0,1495.0,0,0,0,10,0,0,0,0.0,1808,solo,19,2,1500,0,0.0,0,0.0,0,0,0.0,4,0,0.0,0.0,<=10.00%,<=60.00%
529507,66ab2765be2458,a60e1783c3e12a,abb511747bb90d,0,0,396.0,0,0,0,14,0,0,0,0.0,1808,solo,16,2,1500,0,0.0,0,0.0,0,0,0.0,1,0,0.0,0.0,<=10.00%,<=10.00%
530750,7a9b42fc3fd7a8,31c775646f0e44,181cf1b5e5babf,0,0,497.6,0,0,0,5,0,0,0,0.0,1808,solo,15,2,1500,0,0.0,0,0.0,0,0,0.0,6,0,0.0,0.0,<=10.00%,<=90.00%
556589,6c4306e9cd8bf4,261e76e07e244d,0595fc55c42cc4,0,0,465.3,4,2,0,11,1349,3,2,3.636,1449,squad,26,24,0,0,0.0,0,0.0,0,0,37.45,2,1557,0.4,37.45,<=10.00%,<=20.00%
576516,16d9c7ce471fef,9528400bfaccaa,4dbe0949a5f01f,1,0,444.6,3,1,0,37,1340,1,1,1.819,1260,squad-fpp,28,28,-1,0,0.0,0,0.0,0,0,39.36,1,1435,0.0,39.36,<=10.00%,<=10.00%
580134,3f37b60a05c1ea,b44935b8fd154b,2b71634d70b74e,0,0,660.1,0,0,0,14,0,0,0,0.0,1808,solo,17,2,1500,0,0.0,0,0.0,0,0,0.0,1,0,0.0,0.0,<=10.00%,<=10.00%
586011,ea0593909034fe,a9613d6ba62f2f,fd4868fe7adff1,0,0,361.5,3,0,0,49,0,1,1,18.63,1293,squad-fpp,30,29,1518,0,0.0,0,0.0,0,0,38.16,1,0,0.1724,38.16,<=10.00%,<=10.00%
587307,2411dfacf0e236,f1911311da9edc,de813651cb4ffb,0,0,397.5,0,0,0,13,0,0,0,0.0,1808,solo,19,2,1500,0,0.0,0,0.0,0,0,0.0,4,0,0.0,0.0,<=10.00%,<=60.00%
605171,be08099ad06770,2deedcc17c93fe,da97a70805a18e,0,0,351.1,2,1,0,9,0,3,2,36.0,1400,duo-fpp,49,45,1571,0,0.0,0,0.0,0,0,16.67,1,0,0.2917,16.67,<=10.00%,<=10.00%
616781,fe64675c71c506,960d25ae194db5,0b9be394186fcf,0,0,359.0,0,0,0,2,0,0,0,0.0,1808,solo,18,2,1500,0,0.0,0,0.0,0,0,0.0,3,0,1.0,0.0,<=10.00%,<=40.00%
620966,1c2bc6b366bb23,2c1cff24781a44,4b0868aed8d5d4,0,0,395.4,3,1,0,46,0,1,1,1.758,1322,squad-fpp,28,28,1487,0,0.0,0,0.0,0,0,38.58,1,0,0.0741,38.58,<=10.00%,<=10.00%
621823,6dde16ff73341b,72f68e1c0d818f,44174a6a189136,0,0,405.2,0,0,1,3,0,0,0,0.0,1808,solo,19,2,1500,0,0.0,0,0.0,0,0,0.0,3,0,0.0,0.0,<=10.00%,<=40.00%
623997,33982adccaa1b5,0f6007abba870b,3433e8e643688f,0,0,388.0,0,2,0,32,0,3,2,1.616,352,normal-squad-fpp,10,10,1500,0,0.0,0,0.0,0,0,0.0,6,0,0.4444,0.0,<=10.00%,<=90.00%
634339,ff4a7a63c3c156,cc07bd12c48900,16cb1290a8e72b,0,0,370.2,3,1,0,37,0,1,1,27.89,1290,squad-fpp,30,28,1461,0,0.0,0,0.0,0,0,20.83,1,0,0.0345,20.83,<=10.00%,<=10.00%
649587,2f6dda83ea59f5,1a0be3e1533054,a640e418b33d04,1,0,398.6,3,0,0,41,0,1,1,10.86,1393,squad-fpp,28,28,1399,0,0.0,0,0.0,0,0,14.27,1,0,0.0,14.27,<=10.00%,<=10.00%
650595,1f203fe6b31e4d,072ae013438240,c88e3f37f69211,0,0,586.7,0,0,0,12,0,0,0,0.0,1808,solo,16,2,1500,0,0.0,0,0.0,0,0,0.0,3,0,0.0,0.0,<=10.00%,<=40.00%
653882,0eecbf218f46f3,3dbc8f6647fad5,8754837629fdfc,5,0,828.6,0,0,0,12,1000,4,1,22.7,898,normal-squad-fpp,2,2,-1,0,0.0,0,0.0,1,0,0.0,5,1500,1.0,0.0,<=10.00%,<=70.00%
661381,37d0e41a475168,7cf4cb9c5d0335,6b40410be908eb,0,1,534.3,0,0,1,8,0,0,0,0.0,1808,solo,18,2,1500,0,0.0,0,0.0,0,0,0.0,4,0,0.0,0.0,<=10.00%,<=60.00%
663738,0c58aa6ffcecb8,998da99427d71d,ee2040b95cd3dc,0,0,333.7,0,0,0,12,0,0,0,0.0,1808,solo,18,2,1500,0,0.0,0,0.0,0,0,0.0,4,0,0.0,0.0,<=10.00%,<=60.00%
672909,3d0ce6aea05ea3,1999f24b52e45d,31b14ed08bf299,1,0,426.0,4,0,0,8,0,3,2,20.85,1355,squad,28,25,1422,0,0.0,0,0.0,0,0,39.59,1,0,0.1111,39.59,<=10.00%,<=10.00%
673249,f3060c6203bf87,bf45a47df1b5c1,50857272b98ea8,0,0,383.9,3,1,0,20,1430,2,2,32.33,1392,squad,27,23,-1,0,0.0,0,0.0,0,0,36.66,1,1403,0.0385,36.66,<=10.00%,<=10.00%
684368,e4e2c6bc8a2307,ce0aa490b9c914,d3b4b8ca431169,0,0,400.0,2,3,0,6,991,4,4,1.189,1887,squad-fpp,28,26,-1,0,0.0,0,0.0,0,0,22.82,0,1489,0.2222,22.82,<=10.00%,<=10.00%
693806,f6626aa316b469,db309271857978,36ba8957ba552a,0,0,504.6,0,0,0,11,0,0,0,0.0,1390,solo,18,1,1500,0,0.0,0,0.0,0,0,0.0,4,0,0.0,0.0,<=10.00%,<=60.00%
696103,2014d510ecf115,cfebe7f62082a5,2159c650131bcf,0,0,367.7,2,1,0,38,0,1,1,22.65,1307,squad-fpp,28,28,1340,0,0.0,0,0.0,0,0,12.33,2,0,0.0,12.33,<=10.00%,<=20.00%
700415,ff6c37f37c4af0,ea22dda36de8b3,7d9d4b051fd1be,0,0,355.5,0,0,0,11,0,0,0,0.0,1808,solo,16,2,1500,0,0.0,0,0.0,0,0,0.0,4,0,0.0,0.0,<=10.00%,<=60.00%
703690,7c3b1dabde7a7f,3bf6aa9604347c,970f264ecd0387,0,0,551.7,0,0,0,13,0,0,0,0.0,1808,solo,18,2,1500,0,0.0,0,0.0,0,0,19.64,2,0,0.0,19.64,<=10.00%,<=20.00%
704042,85e0dadc938891,54a4c560dbd3b3,ae4ffb22ffb279,0,0,361.9,0,2,0,16,0,3,3,56.47,1441,solo-fpp,97,97,1559,0,0.0,0,0.0,0,0,40.83,1,0,0.1562,40.83,<=10.00%,<=10.00%
714034,4b5123edff3cd3,90380164f3158b,c8b4c04f99659f,0,0,517.6,5,3,5,1,0,6,3,16.22,1369,squad-fpp,27,26,1377,0,0.0,0,0.0,0,0,41.26,2,0,0.1923,41.26,<=10.00%,<=20.00%
723059,2fdb7ec19c8bac,379009022de819,5764701a3de420,0,0,338.9,0,0,0,17,0,0,0,0.0,1808,solo,19,2,1500,0,0.0,0,0.0,0,0,0.0,1,0,0.0,0.0,<=10.00%,<=10.00%
736408,ce21146d25acb9,3ae86f7d01f098,09f61ff5e76d25,0,0,411.6,3,1,0,10,1671,3,3,7.146,1343,squad-fpp,27,27,-1,0,0.0,0,0.0,0,0,33.28,2,1573,0.1538,33.28,<=10.00%,<=20.00%
751864,0df661f928d414,fca7698a7b958d,b829fdd1fa54b6,0,0,1245.0,0,0,10,2,0,0,0,0.0,1506,solo,16,1,1500,0,0.0,0,0.0,0,0,0.0,4,0,0.0,0.0,<=10.00%,<=60.00%
760127,b1ae2c645990d1,2fe3e863b17531,806d1624076541,0,1,376.9,2,0,0,12,0,3,3,13.91,1895,squad,28,27,1265,0,0.0,0,0.0,0,0,35.53,2,0,0.0741,35.53,<=10.00%,<=20.00%
776773,2243467b564258,8e03caeedd282e,2e207f3eb5f5fc,0,0,383.3,2,2,0,13,0,3,2,20.74,1360,duo-fpp,49,48,1834,0,0.0,0,0.0,0,0,35.6,1,0,0.1667,35.6,<=10.00%,<=10.00%
782290,2f953458034532,17d56be34f75e0,7a22d63dadf28d,1,0,350.2,3,1,0,3,0,5,3,6.679,1893,duo-fpp,50,48,1392,1,0.0,0,0.0,0,0,32.44,1,0,0.1429,32.44,<=10.00%,<=10.00%
803018,11a2b40078563a,f2e145bf44440d,8430bd008e0da8,0,0,348.1,0,0,0,15,0,0,0,0.0,1808,solo,17,2,1500,0,0.0,0,0.0,0,0,0.0,1,0,0.0,0.0,<=10.00%,<=10.00%
810258,cd8249372c56c7,a05676c8954b9c,0a0914adadb064,0,0,375.2,0,0,0,3,0,0,0,0.0,1808,solo,17,2,1500,0,0.0,0,0.0,0,0,0.0,2,0,0.0,0.0,<=10.00%,<=20.00%
821691,35cb79c56f7d2f,82eadfeffa1d38,d012431c949b87,0,0,565.4,0,0,0,16,0,0,0,0.0,1808,solo,18,2,1500,0,0.0,0,0.0,0,0,0.0,1,0,0.0,0.0,<=10.00%,<=10.00%
822992,f970a8721fa775,1a92d1d3fdbf5a,d5b4951b8d2d80,0,0,479.3,0,0,0,7,0,0,0,0.0,1808,solo,18,2,1500,0,0.0,0,0.0,0,0,0.0,3,0,0.0,0.0,<=10.00%,<=40.00%
827301,f34534f5d10179,a07a3c341d8501,4d04e757068e81,0,0,358.1,3,2,0,15,1394,3,2,12.12,1424,squad,28,28,-1,0,0.0,0,0.0,0,0,40.42,1,1497,0.0,40.42,<=10.00%,<=10.00%
828283,945b7b8842bf4d,87cf69cb965c4f,76b65f026ac857,0,0,353.7,0,0,0,6,0,0,0,0.0,1808,solo,19,2,1500,0,0.0,0,0.0,0,0,0.0,6,0,0.0,0.0,<=10.00%,<=90.00%
846288,7ac12adab27d21,bf6a8f8a499ec2,76338bb042b757,0,0,365.0,0,0,0,9,0,0,0,0.0,1808,solo,17,2,1500,0,0.0,0,0.0,0,0,0.0,4,0,0.0,0.0,<=10.00%,<=60.00%
849054,4f0d73106a61b6,97a695c0f53a26,da4e4c7571a9ec,0,0,418.8,0,0,0,16,0,0,0,0.0,1808,solo,19,2,1500,0,0.0,0,0.0,0,0,0.0,2,0,0.0,0.0,<=10.00%,<=20.00%
849440,01ad91c6a77da7,1017b60fb17873,fc0bbecba8db99,4,6,1292.0,14,5,4,12,1000,16,3,194.3,1796,normal-squad-fpp,11,11,-1,0,0.0,0,0.0,0,0,0.0,6,1500,0.8,0.0,<=10.00%,<=90.00%
851233,472530214fa705,29c474f0f08767,37c4f3f6de7f9d,0,0,590.8,0,0,0,10,0,0,0,0.0,1808,solo,18,2,1500,0,0.0,0,0.0,0,0,0.0,4,0,0.0,0.0,<=10.00%,<=60.00%
860100,92a3f29835a87f,8d12ef35aaee09,196a649203b0a3,1,0,450.0,0,1,4,12,1000,4,1,106.5,1796,normal-duo-fpp,9,8,-1,0,0.0,0,0.0,0,0,0.0,5,1500,1.0,0.0,<=10.00%,<=70.00%
863493,067e08c0eead14,53f9618f7a2d9c,3433e8e643688f,1,0,500.0,0,3,0,15,0,5,3,1.85,352,normal-squad-fpp,10,10,1500,0,0.0,0,0.0,1,0,0.0,5,0,1.0,0.0,<=10.00%,<=70.00%
864281,8cac077fab498f,52a8d36f639df9,b47dad51604d5b,0,2,873.5,0,0,6,4,0,0,0,0.0,1808,solo,17,2,1500,0,0.0,0,0.0,0,0,0.0,3,0,0.0,0.0,<=10.00%,<=40.00%
869322,a5ea3cd8b89dda,9387009bb7252f,98f474e16f103d,0,3,363.0,0,0,9,3,0,0,0,0.0,1808,solo,19,2,1500,0,0.0,0,0.0,0,0,0.0,5,0,0.0,0.0,<=10.00%,<=70.00%
872605,0443c5009d25a6,bfd2b61887c3f9,ca76f6a5b58669,1,0,375.0,3,2,4,23,0,5,3,29.06,896,normal-squad-fpp,27,18,1500,0,0.0,0,0.0,0,0,0.0,5,0,0.8846,0.0,<=10.00%,<=70.00%
876533,a2a9ff75bc3149,21fd8481c7cee6,cb36fab737f9fd,0,0,355.8,0,0,0,9,0,0,0,0.0,1808,solo,19,2,1500,0,0.0,0,0.0,0,0,0.0,4,0,0.0,0.0,<=10.00%,<=60.00%
880460,625db0085fa7f4,bc7764324a1311,f1c58444c21401,0,0,371.0,0,0,0,5,0,0,0,0.0,1808,solo,19,2,1500,0,0.0,0,0.0,0,0,0.0,2,0,0.0,0.0,<=10.00%,<=20.00%
884651,e4de8f80eadf8b,2870c5214b9bea,3297e034674199,0,0,468.4,3,2,0,6,1818,4,4,12.63,1332,squad-fpp,29,28,-1,0,0.0,0,0.0,0,0,34.47,1,1516,0.9643,34.47,<=10.00%,<=10.00%
885648,62708262323e35,36ac8468f0a59d,f8d0191df783cc,0,0,334.0,0,0,0,13,1626,3,3,15.66,1423,solo-fpp,97,96,0,0,0.0,0,0.0,0,0,22.66,2,1723,0.1562,22.66,<=10.00%,<=20.00%
893029,af5165fc971b6f,f19f6e6fc737c3,f5e53f224ca6ba,0,0,369.1,3,0,1,39,1410,1,1,16.23,1400,squad,27,27,-1,0,0.0,0,0.0,0,0,22.86,3,1501,0.0769,22.86,<=10.00%,<=40.00%
943201,4114be74a72650,d246f249094f4f,0a15ab9b74e2d2,0,0,340.8,2,0,0,22,0,2,2,10.4,1413,duo-fpp,47,46,1562,0,0.0,0,0.0,0,0,37.23,2,0,0.0435,37.23,<=10.00%,<=20.00%
951869,b93f57155da795,d4d69352abc165,5eaec420acc39d,0,0,356.9,3,0,0,76,1659,0,0,0.0,1388,squad-fpp,30,30,-1,0,0.0,0,0.0,0,0,37.16,2,1471,0.2414,37.16,<=10.00%,<=20.00%
951971,13584c14525246,391157620319e5,d938ad516bb95c,0,0,400.7,0,0,0,5,0,0,0,0.0,1348,solo,16,1,1500,0,0.0,0,0.0,0,0,0.0,2,0,0.0,0.0,<=10.00%,<=20.00%
957536,443b8019af82d9,249152e8655f99,dcaaf566f22f29,1,0,351.9,2,1,0,47,0,1,1,6.417,1867,duo-fpp,46,46,1496,0,0.0,0,0.0,0,0,24.28,1,0,0.0222,24.28,<=10.00%,<=10.00%
961849,0382ae1a1fa6dd,22bc3d46ae528f,13cc2771306d27,0,0,427.7,0,0,0,7,0,0,0,0.0,1808,solo,19,2,1500,0,0.0,0,0.0,0,0,0.0,1,0,0.0,0.0,<=10.00%,<=10.00%
964533,a3d92cbdc10454,117f466206692a,797dd54dccf1fe,0,0,342.5,0,0,0,3,0,0,0,0.0,1808,solo,17,2,1500,0,0.0,0,0.0,0,0,0.0,2,0,1.0,0.0,<=10.00%,<=20.00%
967544,4601f1e94a6537,84f242d0968964,6c647d82e1c306,0,0,473.9,0,0,0,16,0,0,0,0.0,1808,solo,18,2,1500,0,0.0,0,0.0,0,0,0.0,2,0,0.0,0.0,<=10.00%,<=20.00%
975805,3b171f2d51ff22,c30b9098cf6c34,3f4fe53ee073b1,0,0,336.1,0,0,0,16,0,0,0,0.0,1062,solo,17,1,1500,0,0.0,0,0.0,0,0,0.0,2,0,0.0,0.0,<=10.00%,<=20.00%
978241,3f5b2265d6750a,e578d9ed0935c3,3f2c5d7a9fc95f,0,1,334.2,2,2,0,26,1496,2,1,20.1,1361,duo-fpp,50,49,-1,0,0.0,0,0.0,0,0,28.1,2,1528,0.1429,28.1,<=10.00%,<=20.00%
983329,bad16ff9fb8c5e,b76c644558a9e8,a26eb1b805c225,0,0,368.0,2,0,0,22,0,2,2,3.977,1898,duo,46,44,1499,0,0.0,0,0.0,0,0,40.02,2,0,0.1556,40.02,<=10.00%,<=20.00%
991545,0700e7a78dab45,f223dfe1170f6c,151240154b98ff,0,0,359.1,0,1,0,6,0,4,3,5.16,1289,solo-fpp,87,85,1474,0,0.0,0,0.0,0,0,26.75,3,0,0.1977,26.75,<=10.00%,<=40.00%
1000651,4c2608c4a870c1,cc7cd0dc63342a,d55746dff23ec7,0,0,804.4,0,0,0,13,0,0,0,0.0,1808,solo,18,2,1500,0,0.0,0,0.0,0,0,0.0,2,0,0.0,0.0,<=10.00%,<=20.00%
1004411,f88b3fe1ba73e1,25d4110b8b6453,71251d99904abc,0,0,423.3,0,0,0,3,0,0,0,0.0,1808,solo,18,2,1500,0,0.0,0,0.0,0,0,0.0,5,0,0.0,0.0,<=10.00%,<=70.00%
1007590,3a9c4deda4edad,9d010232fd5264,2c7ee565a600c6,0,0,676.0,0,0,0,13,0,0,0,0.0,1719,solo,16,1,1500,0,0.0,0,0.0,0,0,0.0,3,0,0.0,0.0,<=10.00%,<=40.00%
1010290,8d897710e2d707,365d6ecdd9f9f7,445a37e3465fec,0,0,344.1,0,0,1,11,0,0,0,0.0,1808,solo,18,2,1500,0,0.0,0,0.0,0,0,0.0,5,0,0.0,0.0,<=10.00%,<=70.00%
1030717,615978e3f4b9dd,978d3ab0093204,d363cde3dedef9,0,0,807.0,0,0,0,3,0,0,0,0.0,1808,solo,15,2,1500,0,0.0,0,0.0,0,0,0.0,6,0,0.0,0.0,<=10.00%,<=90.00%
1038800,45cf6a4764015c,58add1b00bab10,993b3ea75a0bbc,0,0,447.1,0,0,0,3,0,0,0,0.0,1208,solo,18,1,1500,0,0.0,0,0.0,0,0,0.0,3,0,0.0,0.0,<=10.00%,<=40.00%
1054694,7eaa40caec4500,24deb8adabbed2,50f22e22c6c0a5,0,0,380.6,4,0,0,11,1327,3,2,3.469,1390,squad-fpp,28,28,-1,0,0.0,0,0.0,0,0,17.61,2,1432,0.0741,17.61,<=10.00%,<=20.00%
1062353,136eebf6923eaa,78ac94603c5bf2,8e41307f6465aa,0,0,470.0,0,0,0,10,0,0,0,0.0,1808,solo,16,2,1500,0,0.0,0,0.0,0,0,0.0,1,0,0.0,0.0,<=10.00%,<=10.00%
1072201,b1437011473c81,4aaf2883169ae9,da53839c9f6fff,0,0,390.9,3,0,0,88,0,0,0,0.0,1731,squad-fpp,30,30,1542,0,0.0,0,0.0,0,0,37.41,1,0,0.0345,37.41,<=10.00%,<=10.00%
1099406,3a8f3881665140,38f17de4ced4f8,6b53a6d21a41bb,1,0,393.3,3,0,0,19,1906,2,2,8.118,1390,squad-fpp,32,31,-1,0,0.0,0,0.0,0,0,33.98,1,1473,0.0,33.98,<=10.00%,<=10.00%
1099541,bc76948629f8b9,6d57136a0502e0,29fe776d5ee610,0,0,548.1,0,0,0,7,0,0,0,0.0,1808,solo,17,2,1500,0,0.0,0,0.0,0,0,0.0,2,0,0.0,0.0,<=10.00%,<=20.00%
1105726,a36e8329a24b4b,30aeb970e0f6cc,08d0e0a1ee08ef,0,0,1091.0,0,0,0,9,0,0,0,0.0,1808,solo,19,2,1500,0,0.0,0,0.0,0,0,0.0,6,0,0.0,0.0,<=10.00%,<=90.00%
1127687,027c9bf4262494,457b26bf5c813d,6fb6fe29e70ed6,0,0,356.1,0,0,0,7,0,0,0,0.0,1808,solo,17,2,1500,0,0.0,0,0.0,0,0,0.0,1,0,0.0,0.0,<=10.00%,<=10.00%
1134928,a48786bc14e354,538dc1270089bf,9929e0c83364c7,0,0,377.7,0,0,0,13,0,0,0,0.0,1531,solo,17,1,1500,0,0.0,0,0.0,0,0,0.0,2,0,0.0,0.0,<=10.00%,<=20.00%
1145995,54ad9bc793ff9b,b4ba191a046bbd,4b56615bd30598,0,0,426.6,0,1,0,6,1000,4,4,0.0,1442,solo,93,86,-1,0,0.0,0,0.0,0,0,42.06,0,1500,0.25,42.06,<=10.00%,<=10.00%
1147400,01453b07c61e1e,84ddfa2d30fe58,d92bde56ebd2f1,0,0,458.1,0,0,0,3,0,0,0,0.0,1808,solo,18,2,1500,0,0.0,0,0.0,0,0,0.0,6,0,0.0,0.0,<=10.00%,<=90.00%
1163511,3660ad7da49cbc,f7b6eb0d31cbcc,fc0bbecba8db99,1,0,523.7,5,1,0,31,1000,5,4,83.17,1796,normal-squad-fpp,11,11,-1,0,0.0,0,0.0,0,0,0.0,6,1500,0.2,0.0,<=10.00%,<=90.00%
1169284,aadfddf2035653,87bfcbaa36605e,6db87452a2db21,0,0,457.6,0,0,0,4,0,0,0,0.0,1808,solo,17,2,1500,0,0.0,0,0.0,0,0,0.0,5,0,0.0,0.0,<=10.00%,<=70.00%
1173322,40ef97eb17524a,b90850df7e449f,ccb2d33526230d,0,0,389.5,0,0,0,12,0,0,0,0.0,1808,solo,18,2,1500,0,0.0,0,0.0,0,0,0.0,5,0,0.0,0.0,<=10.00%,<=70.00%
1182639,e71bbcda24c485,b4d53c320cc58f,01435d33376fd0,0,0,362.9,0,0,0,14,0,0,0,0.0,1808,solo,15,2,1500,0,0.0,0,0.0,0,0,0.0,3,0,0.0,0.0,<=10.00%,<=40.00%
1200057,0b39084267499d,719683b2f29e2a,231a6d5491b08f,0,0,477.0,0,0,0,17,0,0,0,0.0,1808,solo,17,2,1500,0,0.0,0,0.0,0,0,0.0,2,0,0.0,0.0,<=10.00%,<=20.00%
1217205,7d461dcf89f771,3e3676b90c5d75,05f877bf5f3fbc,0,0,400.0,3,1,0,12,0,3,3,4.867,1835,duo-fpp,50,48,1500,0,0.0,0,0.0,0,0,28.86,2,0,0.0408,28.86,<=10.00%,<=20.00%
1225697,7157e0835268d4,c8af1b865aa902,d8a192bc8cf9ce,0,0,365.9,0,0,0,2,0,0,0,0.0,1808,solo,15,2,1500,0,0.0,0,0.0,0,0,0.0,3,0,1.0,0.0,<=10.00%,<=40.00%
1235582,94dcabf3ae3fbb,a61ccac62e3012,01113288885b5b,0,2,361.5,3,0,0,9,1662,4,2,9.036,1387,squad-fpp,28,28,-1,1,0.0,0,0.0,0,0,41.16,2,1591,0.1481,41.16,<=10.00%,<=20.00%
1239435,54d4587560da73,10af5b3fa11740,3f1035912f5588,0,0,902.2,0,0,0,7,0,0,0,0.0,1808,solo,19,2,1500,0,0.0,0,0.0,0,0,0.0,3,0,0.0,0.0,<=10.00%,<=40.00%
1244927,644c36f7f6c919,50fe6f6fb1f5aa,6cac1824c0e7ec,0,0,672.3,0,0,0,2,0,0,0,0.0,1808,solo,18,2,1500,0,0.0,0,0.0,0,0,0.0,2,0,1.0,0.0,<=10.00%,<=20.00%
1249238,78ee80cc17ff54,1ba579c8c8bf7a,3ba0e3ff17ae40,0,0,500.0,4,1,0,3,1568,5,5,19.7,1382,squad-fpp,31,30,-1,0,0.0,0,0.0,0,0,34.68,2,1512,0.6667,34.68,<=10.00%,<=20.00%
1257855,47ecd4bffb2d1c,35240de0105b6e,6b06a99f4528b0,3,0,359.3,0,0,0,89,1642,0,0,0.0,1361,squad-fpp,30,30,-1,0,0.0,0,0.0,0,0,22.55,2,1549,0.0345,22.55,<=10.00%,<=20.00%
1257966,855963887bee13,6d8aa9fef1dced,68fb5d9914ed7e,1,0,400.0,3,1,0,12,1726,3,2,23.25,1274,squad-fpp,32,31,-1,0,0.0,0,0.0,0,0,36.31,2,1512,0.0968,36.31,<=10.00%,<=20.00%
1265760,6e79f8a978748e,7d9993762c0cb0,704dda4b442a59,0,0,375.5,2,0,0,9,0,4,2,5.911,1361,squad-fpp,29,29,1410,0,0.0,0,0.0,0,0,31.99,3,0,0.1429,31.99,<=10.00%,<=40.00%
1274399,31c37a0640e434,48adf679852c7e,f708e294cfa80a,1,0,400.0,4,0,0,22,1707,2,1,5.415,1874,squad,27,27,-1,0,0.0,0,0.0,0,0,14.65,1,1511,0.0769,14.65,<=10.00%,<=10.00%
1275034,66df2cc34f5a34,da9123b9444fce,5c6d275120f36e,0,0,556.1,0,0,0,8,0,0,0,0.0,1384,solo,16,1,1500,0,0.0,0,0.0,0,0,0.0,4,0,0.0,0.0,<=10.00%,<=60.00%
1285625,71a202c8db13c6,a402068c33f171,e17acf3d7d1205,0,0,654.4,0,0,0,12,0,0,0,0.0,1808,solo,18,2,1500,0,0.0,0,0.0,0,0,0.0,3,0,0.0,0.0,<=10.00%,<=40.00%
1306725,f5af541f54c556,97a695c0f53a26,da4e4c7571a9ec,0,0,423.7,0,0,0,5,0,0,0,0.0,1808,solo,19,2,1500,0,0.0,0,0.0,0,0,0.0,2,0,0.0,0.0,<=10.00%,<=20.00%
1308128,68dafcf57d6124,eb1ac7b74bf5de,b58e621b87543e,0,0,409.8,0,0,0,5,0,0,0,0.0,1808,solo,17,2,1500,0,0.0,0,0.0,0,0,0.0,3,0,0.0,0.0,<=10.00%,<=40.00%
1308277,5d725e052682b7,31ac1a2d82e84b,d043dc27463023,0,0,558.6,0,0,0,2,0,0,0,0.0,1808,solo,18,2,1500,0,0.0,0,0.0,0,0,0.0,2,0,1.0,0.0,<=10.00%,<=20.00%
1314575,30ee0dbe9285d8,b1e8f1f06b909a,c00797af2f3808,0,0,357.3,0,1,0,13,1484,3,2,41.43,1305,solo-fpp,98,95,-1,0,0.0,0,0.0,0,0,25.45,1,1475,0.3608,25.45,<=10.00%,<=10.00%
1320932,49c761e3380f81,20cfd09f380b23,f7b7c72fb607ca,0,0,379.9,3,1,0,10,0,3,3,47.56,1917,squad,24,24,1614,0,0.0,0,0.0,0,0,21.65,1,0,0.0435,21.65,<=10.00%,<=10.00%
1337714,4da724194e02a1,e99ddfbe9f7c97,ba9326f72cefc0,0,0,398.0,2,1,0,10,1081,3,3,11.27,1416,duo-fpp,47,47,0,0,0.0,0,0.0,0,0,33.72,1,1471,0.1522,33.72,<=10.00%,<=10.00%
1343088,e0fd6346effbf2,12ede3fef1318a,832accc40ad0e1,0,0,440.5,0,0,0,3,0,0,0,0.0,1808,solo,16,2,1500,0,0.0,0,0.0,0,0,0.0,2,0,1.0,0.0,<=10.00%,<=20.00%
1346683,657be24af8b406,08a64a8200015f,3433e8e643688f,2,0,465.8,0,3,0,22,0,4,2,2.67,352,normal-squad-fpp,10,10,1500,0,0.0,0,0.0,0,0,22.9,6,0,0.8889,22.9,<=10.00%,<=90.00%
1358220,14b2dfbd8b8744,0baec7369cdf75,7082e37e9ffe69,0,0,588.4,0,0,0,15,0,0,0,0.0,1808,solo,16,2,1500,0,0.0,0,0.0,0,0,0.0,6,0,0.0,0.0,<=10.00%,<=90.00%
1360144,fb061c3cf84924,5fddec09b60250,effebcb694756b,0,0,433.1,0,0,0,9,0,0,0,0.0,1808,solo,17,2,1500,0,0.0,0,0.0,0,0,0.0,4,0,0.0,0.0,<=10.00%,<=60.00%
1361651,5b8a5180c4d733,fc2bfc986ebfcb,0e75350855dee2,0,0,420.3,0,0,0,12,0,0,0,0.0,1645,solo,16,1,1500,0,0.0,0,0.0,0,0,0.0,5,0,0.0,0.0,<=10.00%,<=70.00%
1365201,d44e7e3aa8e569,d43a5e7cfed17a,9dc98466b9594d,3,0,340.2,1,0,0,57,0,1,1,44.93,559,normal-squad-fpp,10,10,1500,0,0.0,0,0.0,0,0,0.0,6,0,0.0,0.0,<=10.00%,<=90.00%
1381287,242c3cecffac69,dfacd67c43e770,eb3217d6db308b,2,0,1092.0,0,6,0,1,0,14,3,175.9,630,normal-squad-fpp,12,10,1500,0,0.0,0,0.0,0,0,0.0,6,0,1.0,0.0,<=10.00%,<=90.00%
1396946,d09638264d2431,5fd7619cd85153,7470f0d1d5938c,0,0,356.5,0,0,0,11,0,0,0,0.0,1808,solo,18,2,1500,0,0.0,0,0.0,0,0,0.0,4,0,0.0,0.0,<=10.00%,<=60.00%
1399571,22c088274f9270,75ca167f1efa4c,6bc84f9ade1041,0,0,359.2,0,0,0,5,0,0,0,0.0,1745,solo,18,1,1500,0,0.0,0,0.0,0,0,0.0,3,0,0.0,0.0,<=10.00%,<=40.00%
1414252,557aa58db2dce3,5c696642450696,717973be4c0d8e,0,0,385.6,2,0,0,17,0,3,3,11.27,1261,squad-fpp,28,26,1487,0,0.0,0,0.0,0,0,16.32,2,0,0.2593,16.32,<=10.00%,<=20.00%
1422913,292a0595a6d62b,ed565ed41e526d,78c3fc94aecd23,0,0,570.7,0,0,0,7,0,0,0,0.0,1508,solo,18,1,1500,0,0.0,0,0.0,0,0,0.0,6,0,0.0,0.0,<=10.00%,<=90.00%
1430900,beeca1fee55a08,ed8c6e232abb77,9cc734617334be,0,0,342.6,2,0,0,21,0,2,2,23.81,1285,duo-fpp,49,48,1522,0,0.0,0,0.0,0,0,38.28,2,0,0.1875,38.28,<=10.00%,<=20.00%
1432577,6b66431b234064,2c82c921008cfe,8320c8e950f206,0,0,355.6,2,1,0,18,1055,2,1,9.841,1423,squad-fpp,28,27,-1,0,0.0,0,0.0,0,0,37.02,2,1510,0.4815,37.02,<=10.00%,<=20.00%
1433624,0e6bb8b95f06a4,6571120abf3702,f68817df203da9,1,0,378.7,3,1,0,11,0,3,2,7.303,1332,squad-fpp,29,27,1409,0,0.0,0,0.0,0,0,15.84,1,0,0.1429,15.84,<=10.00%,<=10.00%
1441239,f160e6e8c8fd28,719683b2f29e2a,231a6d5491b08f,0,0,427.8,0,0,0,11,0,0,0,0.0,1808,solo,17,2,1500,0,0.0,0,0.0,0,0,0.0,1,0,0.0,0.0,<=10.00%,<=10.00%
1443151,e63d93874619cb,af577eaacb6d37,6c435047473aab,0,0,400.0,3,1,0,13,1379,3,3,19.12,1372,squad-fpp,29,28,-1,1,0.0,0,0.0,0,0,38.52,1,1478,0.1429,38.52,<=10.00%,<=10.00%
1445717,5d93e7049cef80,1881fc3d2f7d1f,341341834b7941,0,1,724.1,0,4,1,23,1000,8,2,184.5,732,normal-squad-fpp,8,8,-1,0,0.0,0,0.0,0,0,0.0,5,1500,0.4286,0.0,<=10.00%,<=70.00%
1448936,7ccacb4805a4b6,7124fa25559e80,b21e69b4d57798,0,0,475.3,0,0,0,12,0,0,0,0.0,1808,solo,18,2,1500,0,0.0,0,0.0,0,0,0.0,6,0,0.0,0.0,<=10.00%,<=90.00%
1449051,ffd60da7a82a21,31b947eccf8d67,656bcec2fe28e7,0,0,400.0,4,1,0,46,0,1,1,17.91,1327,squad-fpp,30,29,1519,0,0.0,0,0.0,0,0,28.55,2,0,0.069,28.55,<=10.00%,<=20.00%
1449223,fe48ab6e6db12a,94653a1c7d1cbf,0c1097ce5f9940,0,0,1178.0,0,0,0,1,0,0,0,0.0,1808,solo,18,2,1500,0,0.0,0,0.0,0,0,0.0,5,0,1.0,0.0,<=10.00%,<=70.00%
1453005,68505363e5337a,390c480f747513,f32da24a381eb4,0,0,554.5,0,0,0,2,0,0,0,0.0,1808,solo,16,2,1500,0,0.0,0,0.0,0,0,0.0,3,0,1.0,0.0,<=10.00%,<=40.00%
1467649,2e46a513c8f660,8d4abf68d4cd78,9d9e1ffe2b9bfc,0,0,393.4,0,0,0,9,0,0,0,0.0,1808,solo,18,2,1500,0,0.0,0,0.0,0,0,0.0,6,0,0.0,0.0,<=10.00%,<=90.00%
1468649,36d016fc141787,901186a21f279d,b517b7a61aef19,0,0,339.9,0,0,0,10,0,0,0,0.0,1808,solo,18,2,1500,0,0.0,0,0.0,0,0,0.0,3,0,0.0,0.0,<=10.00%,<=40.00%
1470866,4e6a953989ab21,3b924aa6567139,a8b7109727e1d8,0,0,424.3,3,0,0,44,0,1,1,1.709,1426,squad-fpp,27,26,1371,0,0.0,0,0.0,0,0,21.26,1,0,0.0769,21.26,<=10.00%,<=10.00%
1480802,62ab0a4c94a6ff,a17383b8e26d3d,96c7291e4c475a,0,0,367.4,0,0,0,6,0,0,0,0.0,1808,solo,16,2,1500,0,0.0,0,0.0,0,0,0.0,5,0,0.0,0.0,<=10.00%,<=70.00%
1481067,3ddc2b3ac08017,237fa4e0c4dd7a,f8b06c2f753607,0,0,392.7,0,0,0,8,0,0,0,0.0,1808,solo,14,2,1500,0,0.0,0,0.0,0,0,0.0,1,0,0.0,0.0,<=10.00%,<=10.00%
1484171,414305daeeee87,eed2de089b7533,ae832a0a6381a0,0,0,392.8,0,0,0,10,0,0,0,0.0,1808,solo,18,2,1500,0,0.0,0,0.0,0,0,0.0,4,0,0.0,0.0,<=10.00%,<=60.00%
1498628,2e6e4b183277b9,ad23c11a67ad02,fe06b0df230c84,0,0,369.6,3,0,0,17,0,2,1,3.888,1290,squad-fpp,25,24,1422,0,0.0,0,0.0,0,0,31.82,2,0,0.125,31.82,<=10.00%,<=20.00%
1505323,fa3654ec89b330,83dba19b416496,fdc6da4a854639,0,0,453.5,0,0,0,1,0,0,0,0.0,1808,solo,17,2,1500,0,0.0,0,0.0,0,0,0.0,5,0,1.0,0.0,<=10.00%,<=70.00%
1508448,80ff3175a1ac38,dfb6e24222f6be,2e225c67829dbe,0,0,625.8,0,0,0,16,0,0,0,0.0,1808,solo,17,2,1500,0,0.0,0,0.0,0,0,0.0,2,0,0.0,0.0,<=10.00%,<=20.00%
1516533,e684673d355201,255c7aa88c9609,30ec1426e1d434,0,0,539.6,0,0,0,19,0,0,0,0.0,1808,solo,19,2,1500,0,0.0,0,0.0,0,0,0.0,1,0,0.0,0.0,<=10.00%,<=10.00%
1523467,3674e45b42b792,ecfca7e3f4fc5c,05ca488ae12f24,0,0,347.3,3,0,0,33,1387,1,1,10.57,1880,squad-fpp,29,29,0,0,0.0,0,0.0,0,0,40.97,1,1500,0.0,40.97,<=10.00%,<=10.00%
1528214,e5c2f75953b388,e046abe5aa9c80,cf800c1a78ff49,0,0,385.0,2,1,0,19,0,2,1,9.853,1430,squad-fpp,28,28,1436,0,0.0,0,0.0,0,0,27.14,1,0,0.037,27.14,<=10.00%,<=10.00%
1535555,0a63dcdbce0f68,bd70517b598d84,b022d3a81d382f,0,0,1024.0,0,0,0,10,0,0,0,0.0,1808,solo,19,2,1500,0,0.0,0,0.0,0,0,0.0,0,0,0.0,0.0,<=10.00%,<=10.00%
1543487,32b0127b90e005,cafde16832eaab,73235c36728c77,0,0,343.2,2,1,0,20,0,2,2,29.39,1392,duo-fpp,45,39,1702,0,0.0,0,0.0,0,0,42.17,3,0,0.0454,42.17,<=10.00%,<=40.00%
1546614,de447cbaf27894,69f325f0cf4bba,56837f98325977,0,0,401.5,0,0,0,7,0,0,0,0.0,1794,solo,18,1,1500,0,0.0,0,0.0,0,0,0.0,6,0,0.0,0.0,<=10.00%,<=90.00%
1552212,dd331e8cae129a,bf3f8898c06580,cd457ef31e1747,0,0,359.7,2,0,0,80,0,0,0,0.0,1363,squad-fpp,29,28,1441,0,0.0,0,0.0,0,0,32.31,2,0,0.25,32.31,<=10.00%,<=20.00%
1559011,2b87983b85d094,3721e228855b3e,8822b730436828,1,0,360.0,3,2,0,10,2087,3,2,6.373,1355,squad-fpp,28,27,-1,0,0.0,0,0.0,0,0,34.49,2,1648,0.037,34.49,<=10.00%,<=20.00%
1568326,47cfee932dc7ce,0668772211d27b,bfb4af89105af2,0,0,535.2,0,0,0,12,0,0,0,0.0,1808,solo,14,2,1500,0,0.0,0,0.0,0,0,0.0,2,0,0.0,0.0,<=10.00%,<=20.00%
1574772,f43c48ea008c87,11fce60d5c8ea3,60c6e90b964266,5,0,1081.0,12,2,2,12,0,10,2,153.9,1216,normal-squad-fpp,6,6,1500,0,0.0,0,0.0,0,0,0.0,5,0,1.0,0.0,<=10.00%,<=70.00%
1583106,895cf60ce729ab,36286d96dbd0eb,01ad9ab6e931b8,0,0,335.3,0,0,0,16,0,0,0,0.0,1808,solo,17,2,1500,0,0.0,0,0.0,0,0,0.0,2,0,0.0,0.0,<=10.00%,<=20.00%
1596962,869259ba9c6e61,df410877c35455,668560ba6622c2,2,0,383.4,1,0,1,8,0,3,1,28.73,885,normal-duo-fpp,5,3,1500,1,0.0,0,0.0,0,0,28.09,6,0,1.0,28.09,<=10.00%,<=90.00%
1612508,ef588eca475863,eb83bb455bcaf9,16562bc04501d5,0,0,366.9,3,1,0,14,1495,3,3,11.52,1240,squad-fpp,31,26,-1,0,0.0,0,0.0,0,0,39.78,1,1511,0.0333,39.78,<=10.00%,<=10.00%
1623895,2204f4c2d88e69,a530aafdc29af0,486f77e1f9a3ec,0,0,351.2,4,0,0,79,1013,0,0,0.0,2020,squad-fpp,26,25,-1,0,0.0,0,0.0,0,0,19.81,1,1501,0.12,19.81,<=10.00%,<=10.00%
1628325,1d860d0e7da1fa,2775b9ac601896,9bf974636cf246,1,0,344.2,2,2,0,12,1312,3,2,14.41,1368,duo-fpp,49,48,-1,0,0.0,0,0.0,0,0,30.22,2,1507,0.0417,30.22,<=10.00%,<=20.00%
1646990,37173ebb9b5a4f,91d88465782849,fdc6da4a854639,0,0,392.3,0,0,0,14,0,0,0,0.0,1808,solo,17,2,1500,0,0.0,0,0.0,0,0,0.0,2,0,0.0,0.0,<=10.00%,<=20.00%
1655698,6ea0d5f5886f42,9b762da3664d44,883c9faa2cc272,0,0,351.6,3,0,0,37,0,1,1,5.055,1408,squad,27,25,1542,0,0.0,0,0.0,0,0,35.02,1,0,0.0385,35.02,<=10.00%,<=10.00%
1703170,1f480441d2be6c,c72b4ac4c8fb1f,950d302da4b9a7,0,0,378.7,2,1,0,11,0,3,3,21.49,1305,duo-fpp,49,48,1494,0,0.0,0,0.0,0,0,30.09,2,0,0.1458,30.09,<=10.00%,<=20.00%
1711429,92f9cded3f82a0,c898b8222c263d,ff80300f8262f5,3,0,526.3,0,1,0,8,0,7,3,36.67,360,normal-squad-fpp,4,4,1500,0,0.0,0,0.0,0,0,0.0,4,0,0.6667,0.0,<=10.00%,<=60.00%
1711463,8309300c257619,584ed52e805bf9,c4591806ba4f0e,0,0,1064.0,0,0,0,4,0,0,0,0.0,1808,solo,18,2,1500,0,0.0,0,0.0,0,0,0.0,3,0,0.0,0.0,<=10.00%,<=40.00%
1714523,ad6869d9c47472,308eda28399998,bd43a8ac6feb1c,0,0,375.0,0,1,0,7,0,3,2,5.048,1438,solo-fpp,93,91,1526,0,0.0,0,0.0,0,0,41.83,2,0,0.163,41.83,<=10.00%,<=20.00%
1716328,c4c40c3eb4dea0,1cd72637bf4bd5,201fff6ffa47d5,0,0,358.3,0,0,0,14,0,0,0,0.0,1808,solo,16,2,1500,0,0.0,0,0.0,0,0,0.0,1,0,0.0,0.0,<=10.00%,<=10.00%
1725164,1c7b1be44282d0,a402068c33f171,e17acf3d7d1205,0,0,341.7,0,0,0,7,0,0,0,0.0,1808,solo,18,2,1500,0,0.0,0,0.0,0,0,0.0,5,0,0.0,0.0,<=10.00%,<=70.00%
1727974,1012eb1f716e51,fc500262e854b0,967bd7128cd33b,0,0,669.6,0,0,0,17,0,0,0,0.0,1808,solo,17,2,1500,0,0.0,0,0.0,0,0,0.0,2,0,0.0,0.0,<=10.00%,<=20.00%
1730417,13c0402c40e198,0f87b994338fea,1758d4bc223d07,0,0,708.7,0,0,0,16,0,0,0,0.0,1808,solo,19,2,1500,0,0.0,0,0.0,0,0,0.0,5,0,0.0,0.0,<=10.00%,<=70.00%
1730431,1215378b80457b,6f254f6e9c409e,1f1d15daff3f5b,0,0,400.0,4,1,0,7,0,4,4,20.03,1383,squad-fpp,27,26,1507,0,0.0,0,0.0,0,0,27.14,2,0,0.0385,27.14,<=10.00%,<=20.00%
1732583,3b9d9e54768791,c6e53d91dc9fd4,fb9f622215e151,0,0,553.3,0,0,0,2,0,0,0,0.0,1771,solo,16,1,1500,0,0.0,0,0.0,0,0,0.0,3,0,0.0,0.0,<=10.00%,<=40.00%
1736374,c5b9121a190773,d015bd050289f6,25e2ac7d9040f0,0,0,357.4,0,0,0,3,0,0,0,0.0,1323,solo,19,1,1500,0,0.0,0,0.0,0,0,0.0,4,0,0.0,0.0,<=10.00%,<=60.00%
1748338,0106befd49a8d3,c40b3a2948ba78,58f817a161fc86,0,0,425.7,2,1,0,8,0,4,2,20.34,1359,duo-fpp,48,47,1513,0,0.0,0,0.0,0,0,26.59,2,0,0.1277,26.59,<=10.00%,<=20.00%
1748732,ef39f1db41f33d,00f49f66bc7f17,08a2313e5b209d,0,0,388.9,0,0,0,3,0,0,0,0.0,1808,solo,15,2,1500,0,0.0,0,0.0,0,0,0.0,3,0,1.0,0.0,<=10.00%,<=40.00%
1750678,99bfe6b047d2b0,ff21ac7411cff9,17032b757d715f,0,0,466.0,0,0,0,13,0,0,0,0.0,1808,solo,17,2,1500,0,0.0,0,0.0,0,0,0.0,1,0,0.0,0.0,<=10.00%,<=10.00%
1757919,130588dc261608,ad925e94828b47,7da4ac04a13e13,0,0,357.4,0,0,0,12,0,0,0,0.0,1703,solo,17,1,1500,0,0.0,0,0.0,0,0,0.0,2,0,0.0,0.0,<=10.00%,<=20.00%
1777751,227d42e825aeab,167cc3ed395a2a,aa8df8159abe5d,0,0,345.6,3,1,0,13,0,3,1,8.163,1413,squad,27,27,1329,0,0.0,0,0.0,0,0,37.84,2,0,0.1538,37.84,<=10.00%,<=20.00%
1790983,6b3a1aa72e46af,3e0d18174e9723,6cc83d956a5cb3,1,0,422.9,2,0,0,23,1580,2,1,15.26,1942,duo-fpp,47,45,-1,0,0.0,0,0.0,0,0,25.67,1,1549,0.1739,25.67,<=10.00%,<=10.00%
1791616,e112c3fab5d376,fd76775c5d1fef,011f1afe2db83d,0,0,380.8,0,0,0,2,0,0,0,0.0,1808,solo,17,2,1500,0,0.0,0,0.0,0,0,0.0,5,0,1.0,0.0,<=10.00%,<=70.00%
1794403,ef9e663b7ae08b,c0d3b763045472,aa76fbbb408b3d,0,0,355.9,0,0,0,5,0,0,0,0.0,1808,solo,16,2,1500,0,0.0,0,0.0,0,0,0.0,2,0,0.0,0.0,<=10.00%,<=20.00%
1804288,b70245ce3a1092,f071c082ebee63,d3c7bbd8d86a94,0,0,673.0,0,0,0,7,0,0,0,0.0,1808,solo,17,2,1500,0,0.0,0,0.0,0,0,0.0,2,0,0.0,0.0,<=10.00%,<=20.00%
1815939,90dc7178988490,d048a869011601,72f56df75017f8,0,2,407.3,3,0,0,5,1466,5,5,12.87,1389,duo-fpp,47,47,-1,0,0.0,0,0.0,0,0,39.78,2,1532,0.2174,39.78,<=10.00%,<=20.00%
1824949,256842dc3df63d,9d852c8d4b478c,02d17b99f39a48,0,0,342.9,0,0,0,19,0,0,0,0.0,1808,solo,19,2,1500,0,0.0,0,0.0,0,0,0.0,1,0,0.0,0.0,<=10.00%,<=10.00%
1836651,372650b90cb58e,4f46c9681e2fc1,c069f7e0e37b94,0,0,591.4,0,0,0,9,0,0,0,0.0,1808,solo,18,2,1500,0,0.0,0,0.0,0,0,0.0,3,0,0.0,0.0,<=10.00%,<=40.00%
1840134,cd6b15a402aee7,25989ae99aeda2,7ce2d8aa9263f4,0,0,509.1,0,0,0,6,0,0,0,0.0,1808,solo,14,2,1500,0,0.0,0,0.0,0,0,0.0,3,0,0.0,0.0,<=10.00%,<=40.00%
1856884,bc45669999eaa0,09aaa524b00e8b,945769a27cc0f0,0,0,351.7,0,0,0,10,0,3,3,19.21,1401,solo-fpp,97,96,1500,0,0.0,0,0.0,0,0,18.81,1,0,0.1146,18.81,<=10.00%,<=10.00%
1867871,3c0295d42f391e,e672d10cceaf23,af29e74565632d,0,0,370.7,3,2,0,11,1392,3,3,16.34,1361,squad,27,25,-1,0,0.0,0,0.0,0,0,36.06,1,1548,0.1923,36.06,<=10.00%,<=10.00%
1869046,a72e165ca05280,31f0658e2accff,e9b1a14699c83c,0,0,547.9,0,0,0,11,0,0,0,0.0,1755,solo,18,1,1500,0,0.0,0,0.0,0,0,0.0,1,0,0.0,0.0,<=10.00%,<=10.00%
1873216,6551a3b4102fa0,9d010232fd5264,2c7ee565a600c6,0,0,578.1,0,0,0,12,0,0,0,0.0,1719,solo,16,1,1500,0,0.0,0,0.0,0,0,0.0,3,0,0.0,0.0,<=10.00%,<=40.00%
1874541,6693de2695f130,e7dc1ace7d8892,d1008b30942691,0,0,380.9,0,0,0,5,0,0,0,0.0,1808,solo,18,2,1500,0,0.0,0,0.0,0,0,0.0,1,0,0.0,0.0,<=10.00%,<=10.00%
1880719,51a1d0ddb0ed8f,1de4a5fa1d5eed,6eafbdf67e6dbb,0,0,360.0,2,0,0,11,0,3,2,15.4,1366,duo-fpp,48,47,1544,1,0.0,0,0.0,0,0,39.67,1,0,0.0851,39.67,<=10.00%,<=10.00%
1881466,4fb7d31a40c385,45977b5d5db6ee,f0a26d38d1078c,0,0,346.4,0,0,0,12,0,0,0,0.0,1630,solo,17,1,1500,0,0.0,0,0.0,0,0,0.0,4,0,0.0,0.0,<=10.00%,<=60.00%
1895986,b1774d3b14685f,5b1a4341a9a5d2,13e480ccf95ca5,1,0,393.1,3,0,0,12,1599,3,2,11.02,1460,squad-fpp,30,30,-1,0,0.0,0,0.0,0,0,24.76,1,1464,0.0345,24.76,<=10.00%,<=10.00%
1897384,2519a4a47576b9,9c71ad9dcb4511,fee5680a4ef41f,2,0,361.0,2,0,0,29,1044,2,1,26.65,1401,squad-fpp,30,30,-1,0,0.0,0,0.0,0,0,31.01,1,1511,0.0345,31.01,<=10.00%,<=10.00%
1897464,71401884fe07df,f2ded8335cc085,0d7899c4a6c653,1,0,400.0,3,0,0,22,0,2,2,2.746,1959,duo,50,47,1513,0,0.0,0,0.0,0,0,39.54,2,0,0.0408,39.54,<=10.00%,<=20.00%
1897662,8833bdfe375cba,852973be4f7bb6,cc3bcd8784cd54,0,0,426.3,0,0,0,9,0,0,0,0.0,1808,solo,18,2,1500,0,0.0,0,0.0,0,0,0.0,2,0,0.0,0.0,<=10.00%,<=20.00%
1900185,213e6b3b3b3129,789e63e1f52ef4,15f8b58e431e00,0,0,336.7,0,0,0,3,0,0,0,0.0,1756,solo,15,1,1500,0,0.0,0,0.0,0,0,0.0,3,0,0.0,0.0,<=10.00%,<=40.00%
1912049,cddd4733783f1e,b2c4a15d42b3b3,b3dd2ad891d211,0,0,387.1,0,0,0,11,0,0,0,0.0,1808,solo,19,2,1500,0,0.0,0,0.0,0,0,0.0,2,0,0.0,0.0,<=10.00%,<=20.00%
1912517,a1b8463bfcb6ea,182c2eefe44368,35e7d750e442e2,0,0,430.5,0,0,0,17,0,6,3,60.5,593,normal-squad-fpp,15,13,1500,0,0.0,0,0.0,0,0,0.0,5,0,1.0,0.0,<=10.00%,<=70.00%
1919142,d1fbae50c4b806,4609e5a6ffbd68,15d43558d0592f,0,0,389.9,0,1,0,24,1466,2,2,16.6,1358,solo-fpp,97,96,-1,0,0.0,0,0.0,0,0,16.89,2,1454,0.1458,16.89,<=10.00%,<=20.00%
1924787,839bf795778018,234ef3477a2dda,38aeb013f434b8,0,0,409.6,0,0,0,17,0,0,0,0.0,1808,solo,18,2,1500,0,0.0,0,0.0,0,0,0.0,1,0,0.0,0.0,<=10.00%,<=10.00%
1937705,f2dbf8a5805845,ba54fe01d4dc1f,bb5d5961ea6e35,1,0,413.7,3,0,0,9,1901,3,3,13.98,1365,squad-fpp,28,28,-1,0,0.0,0,0.0,0,0,17.35,1,1640,0.7778,17.35,<=10.00%,<=10.00%
1941274,934ce28ff2f04d,3e6b88816b9aeb,3d4f0a445feedb,2,0,400.0,4,1,0,22,1269,2,1,27.39,1310,squad-fpp,27,24,-1,0,0.0,0,0.0,0,0,35.06,2,1518,0.0385,35.06,<=10.00%,<=20.00%
1953477,9398aaa6a8acf3,d25ef6d13248ca,84500b7bd0bff8,0,0,358.2,0,0,0,13,0,0,0,0.0,1808,solo,18,2,1500,0,0.0,0,0.0,0,0,0.0,1,0,0.0,0.0,<=10.00%,<=10.00%
1959317,f88fecac5c63ff,440015aaea799e,a3c5bd9dfed076,0,0,623.5,0,0,0,10,0,0,0,0.0,1808,solo,16,2,1500,0,0.0,0,0.0,0,0,0.0,5,0,0.0,0.0,<=10.00%,<=70.00%
1967392,4ab51cf2c582e5,1feb711c88e3e2,1859afa426fa49,0,0,390.3,3,0,0,84,0,0,0,0.0,1420,squad-fpp,27,25,1571,0,0.0,0,0.0,0,0,25.27,1,0,0.0385,25.27,<=10.00%,<=10.00%
1970727,20bf49beb98611,278b261bd2ed7d,e6ad4426159a64,0,0,389.8,0,0,0,9,0,0,0,0.0,1808,solo,17,2,1500,0,0.0,0,0.0,0,0,0.0,2,0,0.0,0.0,<=10.00%,<=20.00%
1988270,f103995e2df863,87bfcbaa36605e,6db87452a2db21,0,0,576.5,0,0,0,9,0,0,0,0.0,1808,solo,17,2,1500,0,0.0,0,0.0,0,0,0.0,3,0,0.0,0.0,<=10.00%,<=40.00%
1995845,2d87e9ed60b42d,e801fd895e27c4,5305b1591b6b4d,0,0,448.2,4,0,0,7,1525,4,3,16.92,1345,squad-fpp,29,28,-1,0,0.0,0,0.0,0,0,40.86,1,1532,0.1429,40.86,<=10.00%,<=10.00%
2020665,411b8bd2f01175,438c4129bd58e2,add8cefd8119e7,0,0,523.0,0,0,0,13,0,0,0,0.0,1808,solo,17,2,1500,0,0.0,0,0.0,0,0,0.0,2,0,0.0,0.0,<=10.00%,<=20.00%
2020727,838be62886d545,e3d38aabae5fc1,74d4872a00d86e,0,0,351.6,0,0,0,11,0,0,0,0.0,1808,solo,17,2,1500,0,0.0,0,0.0,0,0,0.0,2,0,0.0,0.0,<=10.00%,<=20.00%
2023068,857a08f074e7a4,80a996508e4694,a6d85c6d7dbdae,0,0,405.6,0,0,0,18,0,0,0,0.0,1808,solo,18,2,1500,0,0.0,0,0.0,0,0,0.0,1,0,0.0,0.0,<=10.00%,<=10.00%
2028953,089b101aaa64d7,89063fa7b28490,8af2404ffe6a3d,0,0,397.1,3,0,0,24,1585,2,2,14.05,1371,squad-fpp,27,27,-1,0,0.0,0,0.0,0,0,41.54,1,1547,0.0,41.54,<=10.00%,<=10.00%
2045616,1cfd656545e1ce,b9768d06ed8071,ff80300f8262f5,2,0,546.3,0,0,0,7,0,7,4,46.85,360,normal-squad-fpp,4,4,1500,0,0.0,0,0.0,0,0,0.0,2,0,1.0,0.0,<=10.00%,<=20.00%
2052793,b33521a5a47c36,c959a5241cbfd3,cf159c898a1a14,0,0,464.1,3,1,0,7,1520,4,4,17.17,1808,duo-fpp,49,46,-1,0,0.0,0,0.0,0,0,31.0,1,1415,0.1875,31.0,<=10.00%,<=10.00%
2060189,4f6fbfd9f1994c,5007f1ccb1d141,93a9b9a2cdfcaf,0,0,558.3,0,0,0,10,0,0,0,0.0,1083,solo,16,1,1500,0,0.0,0,0.0,0,0,0.0,2,0,0.0,0.0,<=10.00%,<=20.00%
2070745,a4b113d021ac0f,52f2c4616c3696,e8056d690de9f9,0,0,351.5,2,0,0,21,1156,2,2,43.9,1751,squad,28,26,-1,0,0.0,0,0.0,0,0,37.88,2,1470,0.1111,37.88,<=10.00%,<=20.00%
2073818,27539d25ac5251,cbfbbeee81cd4c,a9a6b34831193c,0,0,402.8,0,0,0,15,0,0,0,0.0,1611,solo,16,1,1500,0,0.0,0,0.0,0,0,0.0,3,0,0.0,0.0,<=10.00%,<=40.00%
2076281,8b34b73d800b50,974dd6da62436a,1632bd04e32377,0,0,378.2,0,0,0,6,0,0,0,0.0,1808,solo,18,2,1500,0,0.0,0,0.0,0,0,0.0,3,0,0.0,0.0,<=10.00%,<=40.00%
2081784,5a1415f9ac163b,43d7bbabb47d39,1a617334bafd1b,1,0,370.2,3,0,0,91,1582,0,0,0.0,1773,squad-fpp,28,26,-1,0,0.0,0,0.0,0,0,34.61,1,1532,0.0,34.61,<=10.00%,<=10.00%
2096345,aeb8c1eda61d6e,06dcc54e27c486,901ddaf88aeda2,0,0,406.9,0,0,0,15,0,0,0,0.0,1808,solo,18,2,1500,0,0.0,0,0.0,0,0,0.0,3,0,0.0,0.0,<=10.00%,<=40.00%
2102429,9eb24b3dcd20d3,6eefda29863ac7,dceb682d4bac8d,0,0,540.0,0,0,0,7,0,0,0,0.0,1808,solo,17,2,1500,0,0.0,0,0.0,0,0,0.0,2,0,0.0,0.0,<=10.00%,<=20.00%
2118547,7f9e39ff9ded9c,9d6bab56f19ecf,3855d7c89d51db,0,0,352.9,3,1,0,20,0,2,2,10.02,1363,squad-fpp,28,28,1285,0,0.0,0,0.0,0,0,41.12,1,0,0.0,41.12,<=10.00%,<=10.00%
2128332,aa751b61702de8,b2a1bd12b99f3c,41b5c7b0d24f70,0,0,451.5,0,0,0,3,0,0,0,0.0,1601,solo,19,1,1500,0,0.0,0,0.0,0,0,0.0,5,0,0.0,0.0,<=10.00%,<=70.00%
2135896,5182f38963af3c,f971f378bb57aa,754cdfba638767,0,0,428.8,0,0,0,9,0,0,0,0.0,1808,solo,17,2,1500,0,0.0,0,0.0,0,0,0.0,2,0,0.0,0.0,<=10.00%,<=20.00%
2141178,9bfa43486bde52,57d0e9196d69af,718c7e2fd14336,0,0,342.6,0,0,0,11,1679,3,3,22.44,1420,solo-fpp,97,97,-1,0,0.0,0,0.0,0,0,19.78,1,1487,0.0729,19.78,<=10.00%,<=10.00%
2146855,dab81b796f2f36,8c9c9be7b9e5a9,1ab5b2b70b5102,1,0,397.0,3,0,0,27,1291,2,2,4.057,1322,squad,28,26,-1,0,0.0,0,0.0,0,0,14.39,2,1489,0.0,14.39,<=10.00%,<=20.00%
2169221,cfcfa2244bd845,b06e791e340727,3433e8e643688f,1,0,399.4,0,0,0,18,0,5,2,1.99,352,normal-squad-fpp,10,10,1500,0,0.0,0,0.0,0,0,0.0,4,0,0.6667,0.0,<=10.00%,<=60.00%
2181894,2b8ab2a244798f,513a740996c673,2d7774d4e25e92,0,0,364.1,3,0,0,15,1353,3,1,23.16,1389,squad-fpp,29,27,-1,0,0.0,0,0.0,0,0,25.75,1,1455,0.0357,25.75,<=10.00%,<=10.00%
2192371,0ab5b472b84e9d,cb7839cf1999a4,2c2098adcec82f,0,0,396.0,0,0,0,11,0,0,0,0.0,1808,solo,16,2,1500,0,0.0,0,0.0,0,0,0.0,1,0,0.0,0.0,<=10.00%,<=10.00%
2204564,a64145f1d84242,c52baf05d06ab7,aad7558de0cda9,0,0,599.4,0,0,0,6,0,0,0,0.0,1801,solo,18,2,1500,0,0.0,0,0.0,0,0,0.0,4,0,0.0,0.0,<=10.00%,<=60.00%
2211322,b65482f4d20e9d,161342705c108d,191bf8d24dbbdf,0,0,398.5,3,0,0,88,1328,0,0,0.0,1378,squad-fpp,26,26,-1,0,0.0,0,0.0,0,0,19.46,1,1509,0.04,19.46,<=10.00%,<=10.00%
2211733,c4292284ce7ccf,f078ffc87411a7,df24bc9788bf0b,0,2,634.8,0,0,2,2,0,0,0,0.0,1808,solo,16,2,1500,0,0.0,0,0.0,0,0,0.0,3,0,0.0,0.0,<=10.00%,<=40.00%
2213650,4ee5a2e0a97a73,4f20c00fe2a572,eeabf377adb7d0,0,0,334.8,2,1,0,12,1470,3,3,14.48,1368,duo-fpp,49,47,-1,0,0.0,0,0.0,0,0,33.84,2,1474,0.0833,33.84,<=10.00%,<=20.00%
2225696,6cec85813c137b,0e120a8d2f6105,07baf6b1ba3de9,0,0,362.6,0,0,0,4,0,0,0,0.0,1743,solo,18,1,1500,0,0.0,0,0.0,0,0,0.0,4,0,0.0,0.0,<=10.00%,<=60.00%
2228138,3bdd1f4806c8a2,8ffac74092bec7,af02cf98a4e16e,1,0,356.3,3,0,0,10,0,3,2,8.804,1893,squad,27,26,1554,0,0.0,0,0.0,0,0,17.66,1,0,0.5,17.66,<=10.00%,<=10.00%
2230009,358b1a9d0b3a1a,ba50388b7256f1,57770aadb2235b,0,0,491.8,0,0,0,10,0,0,0,0.0,1808,solo,15,2,1500,0,0.0,0,0.0,0,0,0.0,2,0,0.0,0.0,<=10.00%,<=20.00%
2232079,836205f9a6417e,9d769c41866ba7,83cdd7eadb8c36,0,0,410.9,3,2,0,6,1496,4,3,20.0,1373,squad-fpp,26,25,-1,0,0.0,0,0.0,0,0,39.94,2,1465,0.08,39.94,<=10.00%,<=20.00%
2243166,eb5bf8dda12fc7,2fb25a6d123a70,a5a5aaacfb89f6,0,0,381.1,0,0,0,8,0,0,0,0.0,1808,solo,18,2,1500,0,0.0,0,0.0,0,0,0.0,4,0,0.0,0.0,<=10.00%,<=60.00%
2247731,02a94f6d998c3f,349f6f8046cbbc,5798fa0c30e601,1,0,340.6,3,3,0,9,1325,3,3,0.8491,1379,squad-fpp,28,27,-1,0,0.0,0,0.0,1,0,12.38,0,1474,0.1481,12.38,<=10.00%,<=10.00%
2252250,708f8291307386,b62059fba96ae2,2a7eeeabd39f0a,0,0,585.7,0,0,0,15,0,0,0,0.0,1808,solo,15,2,1500,0,0.0,0,0.0,0,0,0.0,3,0,0.0,0.0,<=10.00%,<=40.00%
2252536,d0d368a4bd09ab,17faffc6fac63b,d976f8c6a769bf,0,0,387.0,0,0,0,14,0,0,0,0.0,1808,solo,18,2,1500,0,0.0,0,0.0,0,0,0.0,2,0,0.0,0.0,<=10.00%,<=20.00%
2253342,e626e4761447f7,be4c8e99f182c1,f6419a9aff8da8,1,0,342.6,2,1,0,44,1341,1,1,22.81,1379,squad-fpp,28,28,-1,0,0.0,0,0.0,0,0,8.585,1,1445,0.0,8.585,<=10.00%,<=10.00%
2260414,a512e6a47b2bc6,496ac74939351f,ae748f2313a7cf,0,0,732.0,0,0,0,14,0,0,0,0.0,1808,solo,18,2,1500,0,0.0,0,0.0,0,0,0.0,5,0,0.0,0.0,<=10.00%,<=70.00%
2266243,3175cfc850ceb6,d075bd9f114bca,d4cf6b7c8440b4,0,0,466.3,0,0,0,7,0,0,0,0.0,1808,solo,17,2,1500,0,0.0,0,0.0,0,0,0.0,3,0,0.0,0.0,<=10.00%,<=40.00%
2271966,04f532c7800146,658352174f6bd1,9fe02009129568,0,0,396.0,0,0,0,8,0,0,0,0.0,1808,solo,18,2,1500,0,0.0,0,0.0,0,0,0.0,4,0,0.0,0.0,<=10.00%,<=60.00%
2276210,420a6201d91d48,bc7764324a1311,f1c58444c21401,0,0,564.0,0,0,0,6,0,0,0,0.0,1808,solo,19,2,1500,0,0.0,0,0.0,0,0,0.0,2,0,0.0,0.0,<=10.00%,<=20.00%
2286341,a4a3fb83386028,ef35f67456cce3,a742bae499019e,0,0,353.6,4,0,0,11,1185,3,2,10.74,1363,squad,30,27,-1,0,0.0,0,0.0,0,0,41.66,2,1417,0.0,41.66,<=10.00%,<=20.00%
2292827,51fdc9c8064273,0e05e03bfa691a,4b78e413a05d3a,0,0,471.0,0,0,0,7,0,0,0,0.0,1808,solo,17,2,1500,0,0.0,0,0.0,0,0,0.0,3,0,0.0,0.0,<=10.00%,<=40.00%
2294895,436c455687ee60,fa8af59c01f250,01ee716430b23a,0,0,707.4,0,0,0,1,0,0,0,0.0,1808,solo,18,2,1500,0,0.0,0,0.0,0,0,0.0,3,0,1.0,0.0,<=10.00%,<=40.00%
2312729,2a5882f634154e,5e3bf21547d3d4,f320af9730c29f,0,0,422.4,0,0,0,5,0,0,0,0.0,1808,solo,18,2,1500,0,0.0,0,0.0,0,0,0.0,4,0,0.0,0.0,<=10.00%,<=60.00%
2312764,2b293b23ef701a,288efb2173bd01,c55218e1555260,0,0,339.0,0,0,0,15,0,0,0,0.0,1808,solo,18,2,1500,0,0.0,0,0.0,0,0,0.0,4,0,0.0,0.0,<=10.00%,<=60.00%
2319025,061700d399a962,6a003c2735cc71,08a2313e5b209d,0,0,378.9,0,0,0,5,0,0,0,0.0,1808,solo,15,2,1500,0,0.0,0,0.0,0,0,0.0,6,0,0.0,0.0,<=10.00%,<=90.00%
2322361,a13e9ad8eaeb10,50d192276472ba,3eae96fa3fb752,1,0,360.6,3,0,0,12,1672,3,2,10.89,1432,squad-fpp,28,28,-1,0,0.0,0,0.0,0,0,41.85,2,1485,0.0,41.85,<=10.00%,<=20.00%
2327406,d9687465ae011b,cee96e73694d90,b2f342009c0f04,1,0,347.9,2,0,0,22,0,2,2,37.72,1422,squad-fpp,30,29,1475,0,0.0,0,0.0,0,0,21.69,1,0,0.1724,21.69,<=10.00%,<=10.00%
2334184,ec37c4c5e79654,83716764e1476f,d0668068cfa369,0,0,398.6,0,0,0,6,0,0,0,0.0,1808,solo,18,2,1500,0,0.0,0,0.0,0,0,0.0,3,0,0.0,0.0,<=10.00%,<=40.00%
2335721,78394e19cfd955,961f38f6913466,1b04aeb71c1297,0,0,371.4,3,1,0,12,0,3,3,11.75,1112,squad-fpp,26,25,1446,0,0.0,0,0.0,0,0,23.67,1,0,0.08,23.67,<=10.00%,<=10.00%
2337903,9028b5727fc3dc,ed3bf9b0a84bf8,d04ff89fe96c1c,0,0,400.0,2,0,0,8,1508,4,2,15.16,1878,duo-fpp,47,46,-1,0,0.0,0,0.0,0,0,41.34,1,1411,0.087,41.34,<=10.00%,<=10.00%
2353657,9f08546bd7ea46,217316dfc6a0f8,4b4554e7c2a741,1,1,351.9,0,1,8,19,0,4,2,180.2,608,normal-squad-fpp,15,14,1500,0,0.0,0,0.0,0,0,0.0,6,0,0.6429,0.0,<=10.00%,<=90.00%
2354518,780308a42df6e8,9f86aa910f3210,904cecf36217df,0,0,593.9,0,4,0,29,0,5,3,142.1,1794,normal-squad-fpp,11,11,1500,0,0.0,0,0.0,0,0,0.0,6,0,0.4,0.0,<=10.00%,<=90.00%
2367256,53d7fdccf18e38,d029d09dbba6fe,cf0cb51c829eb5,0,0,387.3,0,0,0,15,0,0,0,0.0,1808,solo,18,2,1500,0,0.0,0,0.0,0,0,0.0,5,0,0.0,0.0,<=10.00%,<=70.00%
2375895,cf7d22b890842d,b0b341a31cc342,c86a4241a85c24,1,0,429.4,4,0,0,97,1474,0,0,0.0,1398,squad-fpp,29,27,-1,0,0.0,0,0.0,0,0,36.56,2,1543,0.0,36.56,<=10.00%,<=20.00%
2376074,0384d91a7dd696,18eed22f395efe,797dd54dccf1fe,0,0,543.7,0,0,0,5,0,0,0,0.0,1808,solo,17,2,1500,0,0.0,0,0.0,0,0,0.0,4,0,0.0,0.0,<=10.00%,<=60.00%
2380843,b4db6c0b4205ff,2e5f218edec1d5,ff720fa3e572ee,0,0,352.1,4,1,0,20,0,2,2,23.7,1416,squad,30,29,1493,0,0.0,0,0.0,0,0,25.07,1,0,0.1034,25.07,<=10.00%,<=10.00%
2385981,58497a6e71feac,e6201e35f12e07,e71c1f85198b00,0,0,484.1,0,0,0,7,0,0,0,0.0,1808,solo,14,2,1500,0,0.0,0,0.0,0,0,0.0,1,0,0.0,0.0,<=10.00%,<=10.00%
2398120,c91e187524c2fd,d41e835caaab57,6b6ffe658407d5,0,0,386.0,3,0,1,40,0,1,1,15.27,1320,squad-fpp,27,25,1504,0,0.0,0,0.0,0,0,36.18,2,0,0.1154,36.18,<=10.00%,<=20.00%
2414285,a0c1590ad7f227,f971f378bb57aa,754cdfba638767,0,0,423.4,0,0,0,17,0,0,0,0.0,1808,solo,17,2,1500,0,0.0,0,0.0,0,0,0.0,0,0,0.0,0.0,<=10.00%,<=10.00%
2428789,5b3a0d9a776ec1,f3abc70716526e,e341afd3b9c5ea,0,0,587.4,0,0,0,5,0,0,0,0.0,1551,solo,18,1,1500,0,0.0,0,0.0,0,0,0.0,4,0,0.0,0.0,<=10.00%,<=60.00%
2435658,4b202cbb141fad,3674271b1de973,d3c266e66d9f19,0,5,543.6,0,0,1,4,0,0,0,0.0,1808,solo,16,2,1500,0,0.0,0,0.0,0,0,0.0,3,0,1.0,0.0,<=10.00%,<=40.00%
2438075,31eef6ec1d3ecc,7506463ea42334,66172d53230187,1,0,365.7,3,0,0,16,1501,2,2,15.69,1342,squad-fpp,27,27,-1,0,0.0,0,0.0,0,0,41.49,2,1559,0.3462,41.49,<=10.00%,<=20.00%
2438418,72ec52b46933ac,5a9de5229cf67f,86892b5b623ba3,0,0,346.8,0,0,0,12,1581,3,1,4.976,1443,solo-fpp,96,93,0,0,0.0,0,0.0,0,0,41.88,3,1525,0.1789,41.88,<=10.00%,<=40.00%
2439716,e3cd3d6762766b,02a3b5e07f88ca,4275a1e5b7583b,0,0,424.5,0,0,0,6,0,4,4,35.93,1330,solo-fpp,95,94,1586,0,0.0,0,0.0,0,0,20.94,1,0,0.1596,20.94,<=10.00%,<=10.00%
2439730,1bb603d9ba7836,9065fba0472ef6,1faf7f03547648,0,0,400.0,4,1,0,5,0,4,2,22.77,1787,squad-fpp,29,26,1571,0,0.0,0,0.0,0,0,33.9,1,0,0.0714,33.9,<=10.00%,<=10.00%
2439905,c7508a1703d9b1,7c7c7640f66c79,84387e36c854bb,0,0,452.2,0,0,0,14,0,0,0,0.0,1808,solo,16,2,1500,0,0.0,0,0.0,0,0,0.0,2,0,0.0,0.0,<=10.00%,<=20.00%
2445548,1ade6ca370bf9b,4f7c96d88f291e,909346e2bfd7e5,0,0,349.4,3,1,0,43,0,1,1,6.746,1347,squad-fpp,28,28,1489,0,0.0,0,0.0,0,0,41.0,2,0,0.037,41.0,<=10.00%,<=20.00%
2454744,e43dd7c0e4a7b4,61bc7a23bfdf97,5ddd684bf067f8,0,0,501.5,0,0,0,12,0,0,0,0.0,1808,solo,17,2,1500,0,0.0,0,0.0,0,0,0.0,1,0,0.0,0.0,<=10.00%,<=10.00%
2458602,c6c5608cdcb517,21b728c307e745,44296bc5ac07ee,0,0,495.8,0,0,0,10,0,0,0,0.0,1808,solo,19,2,1500,0,0.0,0,0.0,0,0,0.0,3,0,0.0,0.0,<=10.00%,<=40.00%
2466307,78829a0064312a,3799722bcf6022,dc41bb92c94dbc,0,0,351.4,3,0,0,34,0,1,1,12.02,1332,squad-fpp,30,28,1223,0,0.0,0,0.0,0,0,15.85,1,0,0.0,15.85,<=10.00%,<=10.00%
2472405,de446abeeae633,f440ac06fe7298,a1e2a025ce56d3,0,0,394.6,2,1,0,7,0,4,4,17.25,1327,squad-fpp,28,28,1415,0,0.0,0,0.0,0,0,27.6,1,0,0.0741,27.6,<=10.00%,<=10.00%
2475383,c1775119ab6817,5d0de1777cc658,c35675bbf68a9f,0,0,347.0,3,1,0,12,0,3,2,15.41,1844,squad,28,27,1482,0,0.0,0,0.0,0,0,32.88,3,0,0.0741,32.88,<=10.00%,<=40.00%
2476392,883a2ae6dbb24d,cd7d468dda54f8,9c5e376dbb84d8,1,0,343.0,3,1,0,6,0,3,3,9.277,1388,squad,27,26,1515,0,0.0,0,0.0,0,0,20.81,2,0,0.7308,20.81,<=10.00%,<=20.00%
2480045,0b3ee4ced4aef1,03244df2a61acf,716f05a749b36e,0,0,334.8,3,1,0,15,1477,3,3,7.068,1314,squad,31,31,-1,0,0.0,0,0.0,0,0,37.05,1,1529,0.3333,37.05,<=10.00%,<=10.00%
2482647,09b3b08e502e3f,0dee3e4f421fe7,d079035fd0d627,0,0,402.7,0,0,0,16,0,0,0,0.0,1808,solo,17,2,1500,0,0.0,0,0.0,0,0,0.0,2,0,0.0,0.0,<=10.00%,<=20.00%
2484711,6cc9122e3b2858,5cec6fa1b1086e,1b941d589533f3,0,0,508.1,0,0,0,7,0,0,0,0.0,1808,solo,16,2,1500,0,0.0,0,0.0,0,0,0.0,2,0,0.0,0.0,<=10.00%,<=20.00%
2487093,7426be228a448e,b7dd799a7aedbf,72fd13e334dc59,0,2,345.2,0,0,2,2,0,0,0,0.0,1808,solo,14,2,1500,0,0.0,0,0.0,0,0,0.0,3,0,1.0,0.0,<=10.00%,<=40.00%
2487100,b77614995f4745,19d8fc545b9a44,c569130170d3e3,0,0,492.2,0,0,0,11,0,0,0,0.0,1808,solo,17,2,1500,0,0.0,0,0.0,0,0,0.0,6,0,0.0,0.0,<=10.00%,<=90.00%
2494386,454625e4616e0e,93221ca20bfb91,32c53d2d9bb72b,0,0,403.1,0,0,0,12,0,0,0,0.0,1808,solo,20,2,1500,0,0.0,0,0.0,0,0,0.0,5,0,0.0,0.0,<=10.00%,<=70.00%
2503927,390e20184b9e41,281456d18f3d4a,a8806a908405b4,0,0,340.2,0,0,0,11,0,0,0,0.0,1808,solo,16,2,1500,0,0.0,0,0.0,0,0,0.0,6,0,0.0,0.0,<=10.00%,<=90.00%
2505078,56d529fb1c2e37,255c7aa88c9609,30ec1426e1d434,0,0,395.5,0,0,0,11,0,0,0,0.0,1808,solo,19,2,1500,0,0.0,0,0.0,0,0,0.0,5,0,0.0,0.0,<=10.00%,<=70.00%
2512750,ced962b68178c3,d006e2baba6dc3,6a8210d28a06af,0,0,349.0,2,1,0,23,1381,2,2,19.15,1382,duo-fpp,48,47,-1,0,0.0,0,0.0,0,0,13.69,1,1418,0.0425,13.69,<=10.00%,<=10.00%
2515928,bf01fee033a2ee,7d33c7a1085057,9e6ea8c9525cb1,0,0,807.1,0,0,0,13,0,0,0,0.0,1808,solo,15,2,1500,0,0.0,0,0.0,0,0,0.0,0,0,0.0,0.0,<=10.00%,<=10.00%
2516039,9594df5e966c1b,1a1be2cc50af4c,ba934233a980fc,0,0,449.1,2,0,0,7,1661,4,3,6.422,1351,squad-fpp,29,28,0,0,0.0,0,0.0,0,0,33.59,2,1523,0.4286,33.59,<=10.00%,<=20.00%
2522154,47c0f542b29448,c1b30803e1db04,1175b594ca5e7a,0,0,456.0,0,0,0,18,0,0,0,0.0,1808,solo,19,2,1500,0,0.0,0,0.0,0,0,0.0,1,0,0.0,0.0,<=10.00%,<=10.00%
2525016,4fbf0ec99686ff,4a3f68bf6c38b3,9468aa9813c2dc,0,0,343.0,3,0,0,17,0,2,1,12.13,1380,squad-fpp,30,30,1670,0,0.0,0,0.0,0,0,17.14,1,0,0.931,17.14,<=10.00%,<=10.00%
2541347,3661483bdc9be9,974dd6da62436a,1632bd04e32377,0,0,415.6,0,0,0,15,0,0,0,0.0,1808,solo,18,2,1500,0,0.0,0,0.0,0,0,0.0,2,0,0.0,0.0,<=10.00%,<=20.00%
2547038,fcff9482e948b3,83716764e1476f,d0668068cfa369,0,0,333.7,0,0,0,12,0,0,0,0.0,1808,solo,18,2,1500,0,0.0,0,0.0,0,0,0.0,3,0,0.0,0.0,<=10.00%,<=40.00%
2554519,d08a0166a0e956,ae31d7723982f7,88b2a2980a3713,0,1,656.8,0,2,5,26,0,6,2,141.3,899,normal-squad-fpp,8,8,1500,0,0.0,0,0.0,0,0,0.0,4,0,0.0,0.0,<=10.00%,<=60.00%
2554531,14e628a98e29ef,e951f7f5175e5d,18bc3ad12a163f,0,0,400.0,4,0,0,25,1422,2,2,5.751,1348,squad-fpp,35,34,-1,0,0.0,0,0.0,0,0,18.13,1,1405,0.3529,18.13,<=10.00%,<=10.00%
2562302,158cf9a44b9078,e11ad5e2354e2c,0a3c9395fa3475,0,0,397.0,0,0,2,5,0,0,0,0.0,1808,solo,14,2,1500,0,0.0,0,0.0,0,0,0.0,2,0,0.0,0.0,<=10.00%,<=20.00%
2569385,33647315684f63,48db4b66a895bd,ad3624b6310c24,0,0,420.5,3,1,0,19,0,2,2,3.474,1859,squad-fpp,26,25,1454,0,0.0,0,0.0,0,0,16.15,1,0,0.04,16.15,<=10.00%,<=10.00%
2574554,75bfca88df86cf,d255e1e9b20b7f,c29e9fb4f76702,0,7,529.1,0,0,1,1,0,0,0,0.0,1808,solo,18,2,1500,0,0.0,0,0.0,0,0,0.0,6,0,1.0,0.0,<=10.00%,<=90.00%
2575199,2aa1ba692237e6,cf3b380330bef1,9e875bc57d2bd9,0,0,495.0,0,0,0,12,0,0,0,0.0,1808,solo,19,2,1500,0,0.0,0,0.0,0,0,0.0,1,0,0.0,0.0,<=10.00%,<=10.00%
2580882,bdd39c75964cfc,53281275423d0f,ba17fa9d7821e6,0,0,342.9,3,3,0,12,0,3,3,17.87,1386,squad-fpp,27,26,1459,0,0.0,0,0.0,0,0,37.45,2,0,0.1538,37.45,<=10.00%,<=20.00%
2582349,ececa67950f9e7,b40694fe2008ac,896f3369c36160,0,0,379.8,0,0,0,9,0,0,0,0.0,1803,solo,17,2,1500,0,0.0,0,0.0,0,0,0.0,2,0,0.0,0.0,<=10.00%,<=20.00%
2585804,b63b8d9ad71b82,5b2405c02106d6,8ca30ed6e8926d,0,0,559.5,0,0,0,4,0,0,0,0.0,1808,solo,19,2,1500,0,0.0,0,0.0,0,0,0.0,4,0,0.0,0.0,<=10.00%,<=60.00%
2597581,6e602918500ac9,864b268f541e42,6893c8fdd49d66,1,0,342.9,3,1,0,23,0,2,2,15.33,1308,squad-fpp,27,27,1434,0,0.0,0,0.0,0,0,41.36,1,0,0.1538,41.36,<=10.00%,<=10.00%
2599804,e4730648bfd086,b65ef31f60f5d8,86ade49e409b36,0,0,365.4,2,1,4,8,0,3,3,10.34,1297,squad-fpp,28,25,1874,0,0.0,0,0.0,0,0,40.67,3,0,0.5926,40.67,<=10.00%,<=40.00%
2602683,b7e685611bd03d,5f0d6649f05519,db6f6d1f0d4904,1,0,485.6,0,0,4,17,0,4,1,53.82,898,normal-solo-fpp,20,15,1500,0,0.0,0,0.0,0,0,0.0,4,0,0.6842,0.0,<=10.00%,<=60.00%
2619810,784b2a14e72a35,48e0c07e1689f8,88b2a2980a3713,2,0,344.7,0,1,0,35,0,2,1,84.32,899,normal-squad-fpp,8,8,1500,0,0.0,0,0.0,0,0,0.0,4,0,0.8571,0.0,<=10.00%,<=60.00%
2626300,1f4472d075eaec,ac9a157d4291a3,6f8cbb35314efb,0,0,440.5,0,0,0,11,0,0,0,0.0,1808,solo,17,2,1500,0,0.0,0,0.0,0,0,0.0,3,0,0.0,0.0,<=10.00%,<=40.00%
2631926,9197db8b3bae20,b62059fba96ae2,2a7eeeabd39f0a,0,0,443.7,0,0,0,6,0,0,0,0.0,1808,solo,15,2,1500,0,0.0,0,0.0,0,0,0.0,3,0,0.0,0.0,<=10.00%,<=40.00%
2632682,03ba111d0be98a,c30b9098cf6c34,3f4fe53ee073b1,0,0,634.0,0,0,0,4,0,0,0,0.0,1062,solo,17,1,1500,0,0.0,0,0.0,0,0,0.0,3,0,0.0,0.0,<=10.00%,<=40.00%
2634547,41018b20d899db,c41bf6e8e64cef,7b035b4e9952ed,0,0,363.5,2,0,1,24,0,2,2,19.42,1321,duo-fpp,47,47,1513,0,0.0,0,0.0,0,0,33.84,1,0,0.1739,33.84,<=10.00%,<=10.00%
2639333,fbab7708a9a445,c15d30517966e8,1b066b1bd0036f,0,0,369.7,0,0,0,18,0,0,0,0.0,1808,solo,18,2,1500,0,0.0,0,0.0,0,0,0.0,0,0,0.0,0.0,<=10.00%,<=10.00%
2639649,480dcdac28bba6,9d852c8d4b478c,02d17b99f39a48,0,0,395.0,0,0,0,7,0,0,0,0.0,1808,solo,19,2,1500,0,0.0,0,0.0,0,0,0.0,5,0,0.0,0.0,<=10.00%,<=70.00%
2642440,9fcb25542b8c80,5e3089e8ba2aff,a77384acfbd4ab,0,0,431.1,0,0,0,1,0,0,0,0.0,1808,solo,18,2,1500,0,0.0,0,0.0,0,0,0.0,6,0,1.0,0.0,<=10.00%,<=90.00%
2662080,6108b9a9566e2b,17faffc6fac63b,d976f8c6a769bf,0,0,334.4,0,0,0,10,0,0,0,0.0,1808,solo,18,2,1500,0,0.0,0,0.0,0,0,0.0,1,0,0.0,0.0,<=10.00%,<=10.00%
2664290,bedbff2c80feeb,4a0ee4158c0da2,8f3dbddfbb6509,0,0,364.4,0,0,0,7,0,0,0,0.0,1808,solo,18,2,1500,0,0.0,0,0.0,0,0,0.0,2,0,0.0,0.0,<=10.00%,<=20.00%
2671132,4040fab524bd72,1ad83ea415bff3,2831de815e9e89,0,0,367.2,3,1,0,23,0,2,2,9.501,1947,squad,28,28,1681,0,0.0,0,0.0,0,0,41.34,1,0,0.037,41.34,<=10.00%,<=10.00%
2689636,de509b6e23c21f,1609aee26f4a5b,ba1ee40d0d3be5,0,0,340.6,0,0,0,8,0,0,0,0.0,1808,solo,18,2,1500,0,0.0,0,0.0,0,0,0.0,4,0,0.0,0.0,<=10.00%,<=60.00%
2689695,5750f9100835d4,d27386d898cc45,db85c12e4f1aed,0,0,337.3,0,0,0,15,0,0,0,0.0,1808,solo,17,2,1500,0,0.0,0,0.0,0,0,0.0,1,0,0.0,0.0,<=10.00%,<=10.00%
2696473,a889acf6ee61c6,834404f1f7eef2,7494245d9d3c49,0,0,644.7,0,0,0,3,0,0,0,0.0,1808,solo,18,2,1500,0,0.0,0,0.0,0,0,0.0,2,0,1.0,0.0,<=10.00%,<=20.00%
2703987,b47613f1581e84,df34750414b153,f1c2b01dd9b967,0,0,549.7,0,0,0,2,0,0,0,0.0,1808,solo,18,2,1500,0,0.0,0,0.0,0,0,0.0,2,0,0.0,0.0,<=10.00%,<=20.00%
2706922,a98c1861f5aad3,46bc766ae110d5,44296bc5ac07ee,0,0,488.1,0,0,0,2,0,0,0,0.0,1808,solo,19,2,1500,0,0.0,0,0.0,0,0,0.0,2,0,1.0,0.0,<=10.00%,<=20.00%
2712698,516045eb3a58fa,325d6f8b30dacd,89e409394ae00f,0,0,1130.0,0,0,0,9,0,0,0,0.0,1808,solo,18,2,1500,0,0.0,0,0.0,0,0,0.0,4,0,0.0,0.0,<=10.00%,<=60.00%
2724844,a021d50ab014bf,7921c8beb38c2d,2183f03b8dd456,0,0,453.8,0,0,0,6,0,0,0,0.0,1808,solo,20,2,1500,0,0.0,0,0.0,0,0,0.0,5,0,1.0,0.0,<=10.00%,<=70.00%
2729574,c18ea17af93d1e,2cce6311d3ee25,101499e149704d,0,0,334.3,3,0,2,85,1481,0,0,0.0,1350,squad-fpp,29,28,-1,0,0.0,0,0.0,0,0,25.27,1,1556,0.0714,25.27,<=10.00%,<=10.00%
2729698,d75a0c15a32e44,265692e7c1ce7c,d2725db0327497,0,0,386.0,0,0,0,12,0,0,0,0.0,1808,solo,15,2,1500,0,0.0,0,0.0,0,0,0.0,3,0,0.0,0.0,<=10.00%,<=40.00%
2729876,bba6bbed0e874d,0e140c2cdeb5ab,95838f93756a4a,0,0,377.5,4,0,0,73,0,0,0,0.0,1366,squad-fpp,27,24,1637,0,0.0,0,0.0,0,0,14.6,1,0,0.1154,14.6,<=10.00%,<=10.00%
2740980,b1e9caff81b981,b2a1bd12b99f3c,41b5c7b0d24f70,0,0,369.3,0,0,0,15,0,0,0,0.0,1601,solo,19,1,1500,0,0.0,0,0.0,0,0,0.0,3,0,0.0,0.0,<=10.00%,<=40.00%
2742780,1a97e04283c053,2f2bf4234e0ac7,dfb3452adf8b56,0,0,926.9,0,0,0,6,0,0,0,0.0,1781,solo,18,1,1500,0,0.0,0,0.0,0,0,0.0,5,0,0.0,0.0,<=10.00%,<=70.00%
2748583,842053dc96e861,3ee86280b83ee4,6c48137cc609db,2,1,793.0,0,0,0,21,1000,7,2,13.99,492,normal-squad-fpp,8,8,-1,0,0.0,0,0.0,0,0,4.669,5,1500,0.0,4.669,<=10.00%,<=70.00%
2749029,06ac8c7c0ac3e7,f2da5b4030fe40,07d0a3c0560892,2,0,351.0,4,1,0,21,0,2,2,5.979,1406,squad,29,29,1526,0,0.0,0,0.0,0,0,31.78,1,0,0.0357,31.78,<=10.00%,<=10.00%
2750112,b765a8c9531874,47c30fdbb3cdcf,a7442db75ead10,1,0,356.9,2,0,0,24,0,2,2,7.486,1374,duo-fpp,49,47,1648,0,0.0,0,0.0,0,0,24.91,1,0,0.2292,24.91,<=10.00%,<=10.00%
2754941,b16fde471577b4,649f09040a4c01,1a91234bd27a14,0,0,398.3,0,0,0,8,0,0,0,0.0,1808,solo,16,2,1500,0,0.0,0,0.0,0,0,0.0,3,0,0.0,0.0,<=10.00%,<=40.00%
2768806,8a8ae12dd45d32,c5cc6b9204c57b,a91bbc26c20be3,0,0,357.3,3,1,0,15,1669,2,2,18.46,1377,squad-fpp,28,27,-1,0,0.0,0,0.0,0,0,35.17,1,1534,0.3704,35.17,<=10.00%,<=10.00%
2773547,c41633399681f8,eee4b2e1f4cb92,dbbc3e4f9ead1e,0,0,372.2,0,0,0,9,0,0,0,0.0,1808,solo,17,2,1500,0,0.0,0,0.0,0,0,0.0,6,0,0.0,0.0,<=10.00%,<=90.00%
2774781,40cb6313ef22b2,ff6b49c3ff2905,8f0867fd67c45b,0,0,343.0,2,0,0,11,0,3,3,12.06,1462,duo-fpp,49,44,1482,0,0.0,0,0.0,0,0,15.49,1,0,0.0208,15.49,<=10.00%,<=10.00%
2777848,36dbe4adb02c2a,0470b782aed4ad,2786062700ee33,0,3,500.8,0,0,4,8,0,0,0,0.0,1808,solo,19,2,1500,0,0.0,0,0.0,0,0,0.0,2,0,0.0,0.0,<=10.00%,<=20.00%
2779633,95d6b06b94492f,54b35acee0e765,5e6ce8b06ee1cb,1,0,345.8,1,1,0,11,1401,3,2,5.129,1408,duo,49,49,-1,0,0.0,0,0.0,0,0,25.76,1,1448,0.1667,25.76,<=10.00%,<=10.00%
2781542,cfcd4f8602a7a9,52820b1aef7132,0231af78de2294,0,0,383.0,4,0,0,18,0,2,2,14.11,1377,squad,27,27,1482,0,0.0,0,0.0,0,0,36.66,2,0,0.6538,36.66,<=10.00%,<=20.00%
2804060,76fff567193714,0ba336bdba82f5,a33291b94c95ce,0,0,334.3,0,0,0,14,1183,3,2,4.96,1440,solo,97,97,-1,0,0.0,0,0.0,0,0,31.18,2,1519,0.3125,31.18,<=10.00%,<=20.00%
2815848,9c2dc032823090,3d2b4850697f9d,f784c2fb88337f,0,0,825.7,0,0,0,6,0,0,0,0.0,1808,solo,19,2,1500,0,0.0,0,0.0,0,0,0.0,2,0,0.0,0.0,<=10.00%,<=20.00%
2823258,b04e983cbda825,42f8584812ba92,a3cb4651bdbcfc,0,0,1005.0,0,0,0,14,0,0,0,0.0,1808,solo,17,2,1500,0,0.0,0,0.0,0,0,0.0,0,0,0.0,0.0,<=10.00%,<=10.00%
2825858,1392d49c2ef1a7,006efb64dacaae,4062b630a8c49e,0,0,389.0,1,2,0,10,0,3,2,10.31,1905,duo-fpp,47,46,1494,0,0.0,0,0.0,0,0,25.48,1,0,0.087,25.48,<=10.00%,<=10.00%
2833578,563a4e83d3055c,409380bd91f359,45a4c1e0eb49f7,0,0,424.0,0,0,0,6,0,0,0,0.0,1808,solo,18,2,1500,0,0.0,0,0.0,0,0,0.0,4,0,0.0,0.0,<=10.00%,<=60.00%
2836482,822819abf1e9e3,02feac7e6be616,f247b53042156c,0,0,426.7,0,0,0,6,0,0,0,0.0,1443,solo,18,1,1500,0,0.0,0,0.0,0,0,0.0,3,0,0.0,0.0,<=10.00%,<=40.00%
2838893,16ef86dc9e88e1,a5149d6e9cf162,fef236a34e2aea,0,0,333.7,3,0,0,13,1778,3,3,31.04,1226,duo-fpp,50,47,-1,0,0.0,0,0.0,0,0,20.13,1,1535,0.0612,20.13,<=10.00%,<=10.00%
2846065,971e45423ae3bb,c4a86b0268d8fb,d3b4b8ca431169,0,0,366.1,2,0,0,18,1533,2,2,17.03,1887,squad-fpp,28,26,-1,0,0.0,0,0.0,0,0,41.21,1,1429,0.037,41.21,<=10.00%,<=10.00%
2848612,48f802bc4e20a8,448298e52f690e,ec5d26b1586f0f,0,0,360.7,0,0,0,12,0,0,0,0.0,1808,solo,17,2,1500,0,0.0,0,0.0,0,0,0.0,2,0,0.0,0.0,<=10.00%,<=20.00%
2850007,6a7f72cae463fa,cb4d69ca499065,99aa3d742800a3,1,0,383.9,3,0,0,39,0,1,1,1.905,1300,squad-fpp,27,26,1454,0,0.0,0,0.0,0,0,36.69,1,0,0.0385,36.69,<=10.00%,<=10.00%
2863883,92105c6a3ac22c,4419aa14bd7a6a,3a1c353d2ab576,2,0,344.1,4,0,0,84,1194,0,0,0.0,1357,squad-fpp,29,28,-1,0,0.0,0,0.0,0,0,33.48,2,1522,0.1429,33.48,<=10.00%,<=20.00%
2864741,e607f6a95135f4,b8d81941c7987c,d3ce07eac24417,0,0,386.6,3,2,0,11,1355,3,3,6.057,1377,squad,27,23,-1,0,0.0,0,0.0,0,0,14.44,2,1500,0.1923,14.44,<=10.00%,<=20.00%
2869554,8481090c9951ae,54b64b541e61b7,d07c747facbe6f,0,0,937.9,0,0,0,14,0,0,0,0.0,1808,solo,17,2,1500,0,0.0,0,0.0,0,0,0.0,1,0,0.0,0.0,<=10.00%,<=10.00%
2870748,d08fc61affed99,218ac1bf9175f3,3db28eecd91668,0,0,547.2,0,0,0,9,0,0,0,0.0,1808,solo,16,2,1500,0,0.0,0,0.0,0,0,0.0,3,0,0.0,0.0,<=10.00%,<=40.00%
2872743,3f7ee9d04ada11,baaf70a109c4b6,73c7a6f158f7b5,0,0,396.0,0,0,0,18,0,0,0,0.0,1808,solo,18,2,1500,0,0.0,0,0.0,0,0,0.0,1,0,0.0,0.0,<=10.00%,<=10.00%
2890057,cd9029da8df84c,d0838d28b97eda,ac851f0174ba84,1,0,464.5,0,1,0,40,0,4,2,43.83,554,normal-squad-fpp,7,7,1500,0,0.0,0,0.0,0,0,0.0,6,0,0.8333,0.0,<=10.00%,<=90.00%
2907887,6a806f79fda4f6,78062851f625a4,695e0de5e436a7,0,0,489.5,0,0,0,18,0,0,0,0.0,1808,solo,18,2,1500,0,0.0,0,0.0,0,0,0.0,1,0,0.0,0.0,<=10.00%,<=10.00%
2916219,26f04cff5e75af,4366ab7bd2a88a,7b10b791a026b4,1,0,398.4,3,1,0,10,0,3,2,19.36,1353,squad-fpp,26,26,1464,0,0.0,0,0.0,0,0,24.28,2,0,0.12,24.28,<=10.00%,<=20.00%
2922839,141c342788c506,6f598dec47ef6f,881119bc30a88d,0,0,427.8,0,0,0,16,0,0,0,0.0,1808,solo,16,2,1500,0,0.0,0,0.0,0,0,0.0,1,0,0.0,0.0,<=10.00%,<=10.00%
2923240,d02604059f7e4a,a05676c8954b9c,0a0914adadb064,0,0,334.4,0,0,0,12,0,0,0,0.0,1808,solo,17,2,1500,0,0.0,0,0.0,0,0,0.0,4,0,0.0,0.0,<=10.00%,<=60.00%
2926863,276616d7ef9688,619b4839b69b42,726a277c48115e,0,0,396.0,0,0,0,14,0,0,0,0.0,1808,solo,16,2,1500,0,0.0,0,0.0,0,0,0.0,1,0,0.0,0.0,<=10.00%,<=10.00%
2931874,90aeb9faca7b05,0575ffbb23cda7,e11d2cd04d47ce,0,0,400.0,0,2,0,7,0,4,4,14.96,1383,solo-fpp,94,92,1521,0,0.0,0,0.0,0,0,30.35,1,0,0.2043,30.35,<=10.00%,<=10.00%
2942468,5369479c3e6387,0287e88f81bc9c,ee31483be96d74,1,0,343.0,3,1,0,12,1678,3,3,26.67,1231,squad-fpp,32,31,-1,0,0.0,0,0.0,0,0,32.26,1,1543,0.129,32.26,<=10.00%,<=10.00%
2963028,9d8fd4a990e3e5,26f514448329dd,68dcf3782f5efe,2,0,377.5,0,1,0,20,0,2,2,52.23,1886,solo-fpp,96,96,1541,0,0.0,0,0.0,0,0,35.48,1,0,0.1789,35.48,<=10.00%,<=10.00%
2966222,d35179cc46b951,3d53d20a5a1c82,c1794521f0f5e5,0,0,363.9,3,0,0,41,2018,1,1,3.712,1367,squad-fpp,30,29,0,0,0.0,0,0.0,0,0,32.51,1,1593,0.0345,32.51,<=10.00%,<=10.00%
2966325,d6024952bf4ff8,93221ca20bfb91,32c53d2d9bb72b,0,0,342.8,0,0,0,9,0,0,0,0.0,1808,solo,20,2,1500,0,0.0,0,0.0,0,0,0.0,4,0,0.0,0.0,<=10.00%,<=60.00%
2966547,0c3d08af52bfb2,9f65e9c84c83c6,238fda59ebb7bc,0,0,391.4,0,0,0,8,0,0,0,0.0,1808,solo,16,2,1500,0,0.0,0,0.0,0,0,0.0,3,0,0.0,0.0,<=10.00%,<=40.00%
2967220,57a025c5fea2b4,a77d70a6de206d,70357848de1236,0,0,374.0,0,0,0,9,0,0,0,0.0,1808,solo,16,2,1500,0,0.0,0,0.0,0,0,0.0,3,0,0.0,0.0,<=10.00%,<=40.00%
2975818,ae0c6775a33628,ff139ae926f61c,da46b3de7f2fff,0,0,348.5,3,0,0,83,1594,0,0,0.0,1285,squad,30,28,-1,0,0.0,0,0.0,0,0,28.09,1,1529,0.1379,28.09,<=10.00%,<=10.00%
2979779,012780db8cda90,183784cc755187,c957986a1d52e5,0,0,341.9,3,1,0,12,1494,3,2,2.797,1865,duo-fpp,49,45,-1,0,0.0,0,0.0,0,0,32.83,1,1440,0.2708,32.83,<=10.00%,<=10.00%
2992246,55d8fa3500e5e1,d2bfefdd70417c,58055181940065,0,0,442.9,0,0,0,7,0,0,0,0.0,1808,solo,18,2,1500,0,0.0,0,0.0,0,0,0.0,1,0,0.0,0.0,<=10.00%,<=10.00%
3027535,bda9b9d78c2afb,251ac2bd97600c,9dc98466b9594d,1,0,535.5,5,1,0,17,0,6,5,30.88,559,normal-squad-fpp,10,10,1500,0,0.0,0,0.0,0,0,0.0,6,0,0.6667,0.0,<=10.00%,<=90.00%
3035933,ed990fd4c26899,d3d26793d097b7,4202c9c526d2ad,0,0,344.7,0,0,0,17,0,0,0,0.0,1808,solo,18,2,1500,0,0.0,0,0.0,0,0,0.0,1,0,0.0,0.0,<=10.00%,<=10.00%
3062724,37ce703528f782,888ea91a572f97,2b583367728a4c,1,0,343.0,3,1,0,10,0,3,2,9.533,1123,squad-fpp,27,25,1422,0,0.0,0,0.0,0,0,33.07,2,0,0.4615,33.07,<=10.00%,<=20.00%
3067743,51d235017722e0,181f78d12cced8,0a529937b72cec,0,0,838.5,0,0,0,4,0,0,0,0.0,1808,solo,18,2,1500,0,0.0,0,0.0,0,0,0.0,6,0,0.0,0.0,<=10.00%,<=90.00%
3070689,7571c480d62bdb,c01b2bdd7c4659,ef840b754b1f71,2,2,423.4,3,1,5,9,1000,6,1,115.0,869,normal-squad-fpp,5,5,-1,1,0.0,0,0.0,0,0,0.0,4,1500,0.25,0.0,<=10.00%,<=60.00%
3072143,7f19de7437b1e1,f37624373b9b4f,f2d026a8d29b2c,0,0,889.6,0,0,0,12,0,0,0,0.0,1808,solo,18,2,1500,0,0.0,0,0.0,0,0,0.0,5,0,0.0,0.0,<=10.00%,<=70.00%
3077589,f99985729ccf74,0c47889eef392d,31da91886a5fdd,2,0,445.9,3,1,0,10,0,3,3,4.871,1294,squad-fpp,29,29,1473,0,0.0,0,0.0,0,0,19.95,2,0,0.0714,19.95,<=10.00%,<=20.00%
3084009,6e50f0c78a9037,aa10ae8df56a08,cf23ace3808f9b,0,0,475.4,3,2,1,18,1858,3,2,57.25,1464,squad-fpp,28,28,-1,0,0.0,0,0.0,0,0,38.34,1,1457,0.0741,38.34,<=10.00%,<=10.00%
3085790,5147990648f8dd,ac9a62e037172a,a697baffd089d6,0,1,353.8,0,0,1,2,0,0,0,0.0,1189,solo,17,1,1500,0,0.0,0,0.0,0,0,0.0,3,0,0.0,0.0,<=10.00%,<=40.00%
3087225,51de91f6cf1a24,a359317e1d394e,9e25382ddff790,0,1,492.6,0,0,6,3,0,0,0,0.0,1808,solo,18,2,1500,0,0.0,0,0.0,0,0,0.0,4,0,0.0,0.0,<=10.00%,<=60.00%
3089911,2a888d525b2b7c,2a4fd2e337d192,400e56cd7abe96,0,0,600.0,3,1,0,3,0,6,6,0.8314,1333,duo-fpp,42,38,1523,0,0.0,0,0.0,0,0,22.52,0,0,0.2439,22.52,<=10.00%,<=10.00%
3094182,35f55f85ea31af,fdf1b8f79ab8e1,b01632bf77cbe3,1,0,380.0,3,0,0,9,1757,3,3,17.13,1337,squad-fpp,29,29,-1,0,0.0,0,0.0,0,0,32.83,2,1463,0.1429,32.83,<=10.00%,<=20.00%
3100028,fda22f5de9afec,1fd1bf6dc8b047,3076c4618c6638,0,0,2079.0,0,0,11,4,0,0,0,0.0,1808,solo,15,2,1500,0,0.0,0,0.0,0,0,0.0,3,0,0.0,0.0,<=10.00%,<=40.00%
3106501,e9bba5560dd2f8,17faffc6fac63b,d976f8c6a769bf,0,0,384.1,0,0,0,11,0,0,0,0.0,1808,solo,18,2,1500,0,0.0,0,0.0,0,0,0.0,3,0,0.0,0.0,<=10.00%,<=40.00%
3111209,ef7404b0be2e35,d65a4be36aba6e,6d8f24de5d78fa,0,0,486.1,0,0,0,4,0,0,0,0.0,1808,solo,18,2,1500,0,0.0,0,0.0,0,0,0.0,5,0,0.0,0.0,<=10.00%,<=70.00%
3114781,806865f3172218,c8fb207baaa8aa,1a2070090cb25b,0,0,347.7,0,1,0,13,0,3,1,31.8,1439,solo-fpp,95,94,1525,0,0.0,0,0.0,0,0,38.46,1,0,0.2234,38.46,<=10.00%,<=10.00%
3138987,13f1405c9a0134,799ef92552ba8d,196d1f5f0c2f7a,0,0,362.2,5,1,0,7,0,4,2,5.445,1454,squad,27,25,1466,0,0.0,0,0.0,0,0,19.02,3,0,0.1154,19.02,<=10.00%,<=40.00%
3153684,56348928a1e3c8,1fd1bf6dc8b047,3076c4618c6638,0,0,1055.0,0,0,20,3,0,0,0,0.0,1808,solo,15,2,1500,0,0.0,0,0.0,0,0,0.0,3,0,0.0,0.0,<=10.00%,<=40.00%
3157276,189c6c658d5a41,b0d7e4cd4417a2,6bc2ef50be3bbc,0,0,470.1,0,0,0,1,0,0,0,0.0,1808,solo,19,2,1500,0,0.0,0,0.0,0,0,0.0,4,0,1.0,0.0,<=10.00%,<=60.00%
3178125,17854ce712a2e3,73789168cad0ba,bd8ba014183b8e,0,0,693.0,0,0,0,17,0,0,0,0.0,1808,solo,19,2,1500,0,0.0,0,0.0,0,0,0.0,1,0,0.0,0.0,<=10.00%,<=10.00%
3180808,4eaae52d4008df,c70fd467685d53,01aead02bb8901,0,0,335.0,0,0,0,12,0,0,0,0.0,1808,solo,20,2,1500,0,0.0,0,0.0,0,0,0.0,5,0,0.0,0.0,<=10.00%,<=70.00%
3196369,90e2be0873676a,93221ca20bfb91,32c53d2d9bb72b,0,0,381.9,0,0,0,4,0,0,0,0.0,1808,solo,20,2,1500,0,0.0,0,0.0,0,0,0.0,4,0,0.0,0.0,<=10.00%,<=60.00%
3203076,1575c6b9c01185,2aa9d520180be4,bbc1ba53f505b4,0,0,486.8,0,0,0,1,0,0,0,0.0,1808,solo,16,2,1500,0,0.0,0,0.0,0,0,0.0,4,0,1.0,0.0,<=10.00%,<=60.00%
3203690,ddcf183a99e4d8,b7d605ed174e75,5fc2bda46a21d0,0,0,709.9,0,0,0,6,0,0,0,0.0,1808,solo,16,2,1500,0,0.0,0,0.0,0,0,0.0,2,0,0.0,0.0,<=10.00%,<=20.00%
3203828,f120bf26533c56,b1f1b023c933a1,d8c729e12169c1,0,0,392.8,0,0,0,14,0,0,0,0.0,1808,solo,15,2,1500,0,0.0,0,0.0,0,0,0.0,2,0,0.0,0.0,<=10.00%,<=20.00%
3210249,53863cbbe0b7cd,b175fb1393b914,17032b757d715f,0,0,502.0,0,0,0,1,0,0,0,0.0,1808,solo,17,2,1500,0,0.0,0,0.0,0,0,0.0,1,0,1.0,0.0,<=10.00%,<=10.00%
3222234,62178c1800251f,e2dd6c79342f4c,c20a56108d2baa,0,0,336.2,3,0,0,91,0,0,0,0.0,1377,squad-fpp,29,29,1521,0,0.0,0,0.0,0,0,20.81,1,0,0.0357,20.81,<=10.00%,<=10.00%
3222585,47889c68cd214d,6191ebd13b01a7,6bf647ecee30da,0,0,395.4,0,0,1,62,0,3,2,12.68,833,normal-squad-fpp,13,13,1500,0,0.0,0,0.0,0,0,0.0,6,0,0.9167,0.0,<=10.00%,<=90.00%
3225317,20a22d1633f46a,e000d793c3c8ea,df0cce82bac3c0,0,0,351.5,3,0,0,84,1529,0,0,0.0,1450,squad,29,27,-1,0,0.0,0,0.0,0,0,39.32,2,1522,0.1429,39.32,<=10.00%,<=20.00%
3244928,5649ba91f20cf8,e343abc54854e0,c634e7337fcf17,0,0,349.1,0,0,0,11,0,0,0,0.0,1808,solo,16,2,1500,0,0.0,0,0.0,0,0,0.0,3,0,0.0,0.0,<=10.00%,<=40.00%
3248267,22f69fd4698110,78a08c784d979f,2d8b832901ede7,0,0,847.1,0,0,0,11,0,0,0,0.0,1808,solo,16,2,1500,0,0.0,0,0.0,0,0,0.0,4,0,0.0,0.0,<=10.00%,<=60.00%
3248675,0c7a38a25bba0d,1f5d68ec7e9a2b,b613649767d0b1,1,0,355.9,1,0,0,37,0,1,1,4.419,1368,duo-fpp,48,46,1535,0,0.0,0,0.0,0,0,37.23,1,0,0.0425,37.23,<=10.00%,<=10.00%
3278180,595428ba335b6d,342f39758d96be,7a594138c154e5,1,0,345.5,1,0,0,40,1328,1,1,0.9203,1295,duo-fpp,49,48,-1,0,0.0,0,0.0,0,0,35.58,2,1483,0.1042,35.58,<=10.00%,<=20.00%
3282628,e29714dcf71626,0141407391bfd2,a35dae94e9751f,0,0,346.4,3,0,0,13,0,3,2,4.485,1849,squad-fpp,28,27,1500,0,0.0,0,0.0,0,0,25.27,4,0,0.1852,25.27,<=10.00%,<=60.00%
3294969,717b3d22ae0735,81c37796fc61af,73ef504fd21c7d,2,0,433.6,5,1,0,14,1000,3,1,38.54,897,normal-squad-fpp,7,7,-1,0,0.0,0,0.0,0,0,0.0,3,1500,1.0,0.0,<=10.00%,<=40.00%
3309848,3b22550b5f0b1f,6d842658885228,4cf35bf31e3c37,0,0,381.6,0,0,0,10,0,0,0,0.0,1808,solo,18,2,1500,0,0.0,0,0.0,0,0,0.0,3,0,0.0,0.0,<=10.00%,<=40.00%
3320617,76185ad5ecff16,a37451fce4d5bb,c7334d06e85f46,0,0,675.8,0,0,0,11,0,0,0,0.0,1808,solo,16,2,1500,0,0.0,0,0.0,0,0,0.0,4,0,0.0,0.0,<=10.00%,<=60.00%
3330547,c049b05582c408,2f6181b91b9e78,d1d527177bcb0b,0,0,363.2,3,0,0,96,0,0,0,0.0,1340,squad,30,30,1551,0,0.0,0,0.0,0,0,22.65,1,0,0.0,22.65,<=10.00%,<=10.00%
3332963,7ac5610706ce27,8aec6c5a5defc5,3d265315639bb3,0,0,396.0,0,0,0,4,0,0,0,0.0,1808,solo,16,2,1500,0,0.0,0,0.0,0,0,0.0,3,0,0.0,0.0,<=10.00%,<=40.00%
3333157,8911b669cf1a06,c0d3b763045472,aa76fbbb408b3d,0,0,367.1,0,0,0,12,0,0,0,0.0,1808,solo,16,2,1500,0,0.0,0,0.0,0,0,0.0,1,0,0.0,0.0,<=10.00%,<=10.00%
3342183,68347b4dd777d2,7bbd61374ea7dd,63303b37f5d7d6,0,0,577.1,0,0,0,11,0,0,0,0.0,1443,solo,18,1,1500,0,0.0,0,0.0,0,0,0.0,1,0,0.0,0.0,<=10.00%,<=10.00%
3350082,b2cbd3df67ce6a,9dfc5d05418cff,3a37f49685d09b,0,0,390.3,0,0,0,7,0,0,0,0.0,1808,solo,17,2,1500,0,0.0,0,0.0,0,0,0.0,2,0,0.0,0.0,<=10.00%,<=20.00%
3352919,d13d7692f5b12c,9070fbbe77d366,666c3e5919ccf7,0,0,1229.0,0,0,0,12,0,0,0,0.0,1628,solo,18,1,1500,0,0.0,0,0.0,0,0,0.0,2,0,0.0,0.0,<=10.00%,<=20.00%
3372492,fa8938daff2020,f358d5e4139ab0,9258988c43d7c2,0,0,473.2,0,0,0,9,0,0,0,0.0,1808,solo,17,2,1500,0,0.0,0,0.0,0,0,0.0,2,0,0.0,0.0,<=10.00%,<=20.00%
3373425,635a03d17a68f8,12ef0b7534ee70,056d1767c6d8af,0,0,400.0,4,0,0,11,0,3,3,11.33,1227,squad-fpp,31,29,1243,0,0.0,0,0.0,0,0,35.26,2,0,0.1,35.26,<=10.00%,<=20.00%
3378329,61f5095ccd9023,e343abc54854e0,c634e7337fcf17,0,0,357.4,0,0,0,2,0,0,0,0.0,1808,solo,16,2,1500,0,0.0,0,0.0,0,0,0.0,3,0,0.0,0.0,<=10.00%,<=40.00%
3386686,55da637d8c91dd,13fe42d7682af9,f0b5328ad6a1b6,0,0,662.0,0,0,0,12,0,0,0,0.0,1808,solo,20,2,1500,0,0.0,0,0.0,0,0,0.0,5,0,0.0,0.0,<=10.00%,<=70.00%
3388040,53b02c8884c986,2611c10c1a6ee8,3b35602ec34450,0,0,337.2,1,1,0,23,1244,2,2,7.615,1421,duo-fpp,49,47,-1,0,0.0,0,0.0,0,0,31.06,1,1416,0.1667,31.06,<=10.00%,<=10.00%
3390757,d6d8612b476cd3,d7bf92e75ee0ce,e1978fd9ce050e,0,0,344.6,2,0,0,87,0,0,0,0.0,1382,squad,31,30,1343,0,0.0,0,0.0,0,0,40.32,1,0,0.1,40.32,<=10.00%,<=10.00%
3399595,d126396fd8792a,9f65e9c84c83c6,238fda59ebb7bc,0,0,458.5,0,0,0,6,0,0,0,0.0,1808,solo,16,2,1500,0,0.0,0,0.0,0,0,0.0,6,0,0.0,0.0,<=10.00%,<=90.00%
3400174,bb3d94dd755365,4a312072617193,686f42d386e50a,0,0,396.5,0,0,0,11,0,0,0,0.0,1808,solo,18,2,1500,0,0.0,0,0.0,0,0,0.0,1,0,0.0,0.0,<=10.00%,<=10.00%
3407912,1cbf7a05bb83d4,7bc53c7244a0e3,6778dc85dc4e49,0,0,395.2,0,0,0,14,1408,3,2,60.1,1368,solo-fpp,98,94,-1,0,0.0,0,0.0,0,0,34.24,2,1362,0.1959,34.24,<=10.00%,<=20.00%
3440943,5171f67757e9dc,69d993b8718195,24495d8bc5b19e,0,0,605.5,0,0,0,3,0,0,0,0.0,1807,solo,19,2,1500,0,0.0,0,0.0,0,0,0.0,6,0,0.0,0.0,<=10.00%,<=90.00%
3444116,e5dc92bada34a8,591a9977e9e803,0283187055f07d,0,0,373.3,2,0,0,40,1317,1,1,5.974,1379,duo-fpp,49,49,-1,0,0.0,0,0.0,0,0,39.2,2,1489,0.1667,39.2,<=10.00%,<=20.00%
3449439,078c27d1ec4a0c,df34750414b153,f1c2b01dd9b967,0,0,347.0,0,0,0,6,0,0,0,0.0,1808,solo,18,2,1500,0,0.0,0,0.0,0,0,0.0,3,0,0.0,0.0,<=10.00%,<=40.00%
3451961,979118ddb0f09e,8e49da6fe461b7,dfa3f6e143b631,0,0,374.7,2,1,0,10,1621,3,2,13.31,1939,squad,31,30,-1,0,0.0,0,0.0,0,0,37.09,2,1587,0.0667,37.09,<=10.00%,<=20.00%
3457590,c7d5b87553a9f1,e13f2c190f5885,cfd78a55ab6674,0,0,418.3,0,0,0,13,0,0,0,0.0,1808,solo,15,2,1500,0,0.0,0,0.0,0,0,0.0,3,0,0.0,0.0,<=10.00%,<=40.00%
3461121,5ba8a122294dab,bc1538836b7a09,5beddc0c65f7b7,0,0,584.3,0,0,0,6,0,0,0,0.0,1753,solo,16,1,1500,0,0.0,0,0.0,0,0,0.0,3,0,0.0,0.0,<=10.00%,<=40.00%
3462887,d9de0ba58de684,8fc8e723deb6c4,95f39f4496966c,0,0,913.1,0,0,0,4,0,0,0,0.0,1808,solo,18,2,1500,0,0.0,0,0.0,0,0,0.0,4,0,0.0,0.0,<=10.00%,<=60.00%
3462934,acf13a938b3d60,b7dfca9c47082f,36e04f4bdfca8f,1,0,378.0,3,0,0,12,0,3,3,16.32,1893,squad-fpp,30,29,1491,0,0.0,0,0.0,0,0,22.71,1,0,0.3448,22.71,<=10.00%,<=10.00%
3466522,74a72bd72979e6,045c35c36a370d,4648048d07e0f5,1,0,382.9,2,1,0,11,1305,3,2,4.544,1378,duo-fpp,48,47,-1,1,0.0,0,0.0,0,0,38.07,1,1500,0.4681,38.07,<=10.00%,<=10.00%
3473137,22dfc247510f37,889625af76eff8,2e13b88e3f46ab,0,0,392.6,0,0,0,4,0,0,0,0.0,1497,solo,15,1,1500,0,0.0,0,0.0,0,0,0.0,4,0,0.0,0.0,<=10.00%,<=60.00%
3484060,22f17c26f97a65,746fdc1791b043,e64367d3b077c7,0,0,367.1,3,1,0,38,1223,1,1,5.568,1383,squad-fpp,31,29,-1,0,0.0,0,0.0,0,0,27.98,2,1453,0.1333,27.98,<=10.00%,<=20.00%
3490734,8e10d49ddbacf1,fa312c1a10249a,ec4390c66fa083,0,0,393.9,0,0,0,12,0,0,0,0.0,1808,solo,15,2,1500,0,0.0,0,0.0,0,0,0.0,3,0,0.0,0.0,<=10.00%,<=40.00%
3493847,f93c6dddaea313,06dcc54e27c486,901ddaf88aeda2,0,0,490.7,0,0,0,6,0,0,0,0.0,1808,solo,18,2,1500,0,0.0,0,0.0,0,0,0.0,4,0,0.0,0.0,<=10.00%,<=60.00%
3523480,2fbf08dd22882e,df059a272a274a,b88f33bf93fb45,0,0,585.6,4,4,0,5,0,5,2,11.78,1334,duo-fpp,45,42,1500,0,0.0,0,0.0,0,0,36.52,1,0,0.1136,36.52,<=10.00%,<=10.00%
3527641,f71d8d1c3ed980,2d72c199745554,e426fbb8f5951b,0,0,508.5,0,0,0,6,0,0,0,0.0,1808,solo,18,2,1500,0,0.0,0,0.0,0,0,0.0,4,0,0.0,0.0,<=10.00%,<=60.00%
3530893,b7afc12904f2af,e4d0691c6c3aff,0f4534664670bf,0,0,374.1,3,0,0,9,0,3,3,5.076,1377,squad-fpp,27,26,1406,0,0.0,0,0.0,0,0,36.59,3,0,0.1154,36.59,<=10.00%,<=40.00%
3535749,9efbf727523d85,25d4110b8b6453,71251d99904abc,0,0,449.9,0,0,0,11,0,0,0,0.0,1808,solo,18,2,1500,0,0.0,0,0.0,0,0,0.0,2,0,0.0,0.0,<=10.00%,<=20.00%
3542983,0efd070a899616,24abeb020c7dc4,474acec25aa813,0,0,400.0,0,0,5,6,0,4,2,22.67,1891,solo-fpp,96,92,1565,0,0.0,0,0.0,0,0,38.12,4,0,0.2316,38.12,<=10.00%,<=60.00%
3555059,ce8eeacaf61fe3,e59d56f39d255d,c50064deb8ecb3,0,0,359.1,2,0,0,96,0,0,0,0.0,1804,squad-fpp,29,28,1343,0,0.0,0,0.0,0,0,41.86,2,0,0.0,41.86,<=10.00%,<=20.00%
3560449,4d25a121e4f6e4,b50e2b94cd0614,b688dc1b36a283,1,0,343.0,3,1,0,41,1578,1,1,4.584,1378,squad-fpp,27,25,-1,0,0.0,0,0.0,0,0,32.92,1,1527,0.0,32.92,<=10.00%,<=10.00%
3563405,ee82ee52bd68b1,21fd8481c7cee6,cb36fab737f9fd,0,0,662.2,0,0,0,17,0,0,0,0.0,1808,solo,19,2,1500,0,0.0,0,4.901,0,0,33.11,0,0,0.0,38.010999999999996,<=10.00%,<=10.00%
3566062,998f75f4a1167e,9af880521ef3a9,48a52fee60e713,0,0,386.0,3,0,0,48,0,1,1,12.54,1309,squad,29,27,1489,0,0.0,0,0.0,0,0,39.93,1,0,0.0714,39.93,<=10.00%,<=10.00%
3569103,893c8f2d8f09aa,f1911311da9edc,de813651cb4ffb,0,0,674.8,0,0,0,9,0,0,0,0.0,1808,solo,19,2,1500,0,0.0,0,0.0,0,0,0.0,2,0,0.0,0.0,<=10.00%,<=20.00%
3570248,08fb2615982af5,a5521dff4e85e0,43e2d9b1e8fce9,2,0,819.1,0,1,0,2,0,8,3,25.85,784,normal-solo-fpp,11,6,1500,0,0.0,0,0.0,0,0,0.0,5,0,1.0,0.0,<=10.00%,<=70.00%
3571135,b4f48b0cf58fbd,4fc3c5cb51f197,590f1033dcf433,0,0,363.0,3,0,0,86,0,0,0,0.0,1772,squad-fpp,28,28,1477,0,0.0,0,0.0,0,0,33.72,1,0,0.0,33.72,<=10.00%,<=10.00%
3572649,d9774b4affdfa1,1bf6cbb4964d9c,7b2de51ac5168c,0,0,410.6,0,0,0,1,0,0,0,0.0,1609,solo,19,1,1500,0,0.0,0,0.0,0,0,0.0,3,0,0.0,0.0,<=10.00%,<=40.00%
3574985,9e58d2f5f37df5,21cb2d97c742f4,af2d3bc8aeb554,0,0,396.3,3,1,0,18,1359,2,2,24.14,1830,squad-fpp,25,23,-1,0,0.0,0,0.0,0,0,32.0,2,1441,0.0,32.0,<=10.00%,<=20.00%
3591927,977ed9c4052682,9d010232fd5264,2c7ee565a600c6,0,0,447.0,0,0,2,5,0,0,0,0.0,1719,solo,16,1,1500,0,0.0,0,0.0,0,0,0.0,4,0,0.0,0.0,<=10.00%,<=60.00%
3612583,03a930789d7fe2,9ffdfd203bc46c,38a1279dcc5b23,0,0,391.2,0,0,0,12,0,0,0,0.0,1808,solo,19,2,1500,0,0.0,0,0.0,0,0,0.0,1,0,0.0,0.0,<=10.00%,<=10.00%
3617450,5ae4699fe8840b,dd2d6643c01813,e84767fbb65798,0,0,434.2,5,1,0,16,0,2,1,3.811,1924,squad-fpp,28,27,1480,1,0.0,0,0.0,0,0,38.7,2,0,0.0741,38.7,<=10.00%,<=20.00%
3622572,77405ba24aedcb,34294d36d6f878,ced6a299ec9611,0,1,354.6,0,0,1,16,0,0,0,0.0,1808,solo,19,2,1500,0,0.0,0,0.0,0,0,0.0,4,0,0.0,0.0,<=10.00%,<=60.00%
3626282,84e98f4399d206,75ca167f1efa4c,6bc84f9ade1041,0,0,372.9,0,0,0,13,0,0,0,0.0,1745,solo,18,1,1500,0,0.0,0,0.0,0,0,0.0,4,0,0.0,0.0,<=10.00%,<=60.00%
3629746,a516dd16e8fade,f729c604b7468b,3a37f49685d09b,0,11,649.5,0,0,2,6,0,0,0,0.0,1808,solo,17,2,1500,0,0.0,0,0.0,0,0,0.0,3,0,1.0,0.0,<=10.00%,<=40.00%
3635022,1559647f110648,31f0658e2accff,e9b1a14699c83c,0,0,501.1,0,0,0,3,0,0,0,0.0,1755,solo,18,1,1500,0,0.0,0,0.0,0,0,0.0,3,0,0.0,0.0,<=10.00%,<=40.00%
3635565,f75bcc0a7b86e5,36f3985fb11451,d7e44e7470ed8c,0,1,562.8,0,2,5,9,0,5,2,262.3,893,normal-squad-fpp,6,6,1500,0,0.0,0,0.0,0,0,0.0,4,0,1.0,0.0,<=10.00%,<=60.00%
3635961,225e1884feb6dd,6d0f1b9654b375,f0601e6353ba51,0,0,495.1,0,0,0,5,0,0,0,0.0,1808,solo,16,2,1500,0,0.0,0,0.0,0,0,0.0,2,0,0.0,0.0,<=10.00%,<=20.00%
3655421,a1f7cf23db920f,e601ff44f90d68,77d804c700e3e2,0,0,377.9,0,2,0,10,1290,3,3,23.44,1355,solo-fpp,96,92,-1,0,0.0,0,0.0,0,0,37.79,1,1412,0.1789,37.79,<=10.00%,<=10.00%
3668246,1698fc3e814b4f,00af6bab6a98cc,48beae05cf8f80,0,0,443.6,0,0,0,12,0,0,0,0.0,1808,solo,19,2,1500,0,0.0,0,0.0,0,0,0.0,2,0,0.0,0.0,<=10.00%,<=20.00%
3670528,fa3a1d8925f44a,1414fbf2b50afa,5f3ab3fd0d7929,0,0,357.0,0,0,0,15,0,0,0,0.0,1808,solo,19,2,1500,0,0.0,0,0.0,0,0,0.0,2,0,0.0,0.0,<=10.00%,<=20.00%
3672729,98b145b394210d,2899bdd503cb82,ca76f6a5b58669,1,0,354.3,3,0,2,47,0,2,1,27.58,896,normal-squad-fpp,27,18,1500,0,0.0,0,0.0,0,0,0.0,6,0,0.6923,0.0,<=10.00%,<=90.00%
3677051,9142b3528fd4c9,91b23ebf443d60,62b67b990ad836,0,0,334.3,3,0,0,85,1425,0,0,0.0,1166,squad-fpp,26,25,0,0,0.0,0,0.0,0,0,38.39,2,1471,0.04,38.39,<=10.00%,<=20.00%
3678018,ff24698d65e240,bbc1a0c5ab0272,61342de48effd4,0,0,433.5,3,1,0,5,0,4,3,8.562,1325,squad-fpp,26,25,1273,0,0.0,0,0.0,0,0,40.8,2,0,0.08,40.8,<=10.00%,<=20.00%
3685211,8d79183f32de64,a1c30a34f64260,1ec1d18a46c273,0,0,392.7,0,0,0,13,0,0,0,0.0,1808,solo,16,2,1500,0,0.0,0,0.0,0,0,0.0,2,0,0.0,0.0,<=10.00%,<=20.00%
3700299,b5f4bca82f5489,00af6bab6a98cc,48beae05cf8f80,0,0,469.0,0,0,0,14,0,0,0,0.0,1808,solo,19,2,1500,0,0.0,0,0.0,0,0,0.0,4,0,0.0,0.0,<=10.00%,<=60.00%
3706078,7af68ebf498a42,63603a6ebe1fbd,4894744b98b9fe,0,0,456.3,0,0,0,10,0,0,0,0.0,1808,solo,17,2,1500,0,0.0,0,0.0,0,0,0.0,4,0,0.0,0.0,<=10.00%,<=60.00%
3710151,65736846796481,b06e791e340727,3433e8e643688f,3,0,715.4,0,2,0,8,0,7,3,2.483,352,normal-squad-fpp,10,10,1500,0,0.0,0,0.0,0,0,0.0,5,0,0.6667,0.0,<=10.00%,<=70.00%
3715203,2b659276b99b6b,36ab359b174db4,f37dc144d476dd,0,0,423.0,0,0,0,15,0,0,0,0.0,1808,solo,17,2,1500,0,0.0,0,0.0,0,0,0.0,4,0,0.0,0.0,<=10.00%,<=60.00%
3717825,71788cc3321dd9,683cb6ac9dbdef,b184cf29a75be4,1,0,347.3,3,0,0,24,1783,2,2,14.44,1367,squad-fpp,29,29,-1,0,0.0,0,0.0,0,0,19.99,1,1456,0.0357,19.99,<=10.00%,<=10.00%
3730595,aacf7baced53f1,3189f032df1a6b,9dc98466b9594d,2,0,418.9,3,2,0,39,0,3,1,112.4,559,normal-squad-fpp,10,10,1500,0,0.0,0,0.0,0,0,0.0,6,0,0.3333,0.0,<=10.00%,<=90.00%
3731076,e7397031f75952,714bfecf1d5d5e,4b60a889ebe6dd,0,0,390.2,3,0,0,45,0,1,1,28.38,1354,squad-fpp,30,30,1491,0,0.0,0,0.0,0,0,32.51,1,0,0.1034,32.51,<=10.00%,<=10.00%
3738177,8d31b27cadb9c3,54ffe0bb832f9a,db26392c28ee9d,1,0,374.8,3,0,0,10,0,3,3,27.15,1438,squad-fpp,28,27,1510,0,0.0,0,0.0,0,0,27.54,1,0,0.5185,27.54,<=10.00%,<=10.00%
3740477,363f1e72e29b17,48d1ac16975960,26e8c86945dfda,0,0,416.2,0,0,0,11,0,0,0,0.0,1808,solo,16,2,1500,0,0.0,0,0.0,0,0,0.0,3,0,0.0,0.0,<=10.00%,<=40.00%
3743631,af8e6d52d7b3db,13967ddf391272,56a978ddecc196,0,0,389.4,0,0,0,5,0,0,0,0.0,1808,solo,15,2,1500,0,0.0,0,0.0,0,0,0.0,3,0,0.0,0.0,<=10.00%,<=40.00%
3751771,8cff0bcca2c692,707ef88445b5b6,4a400cf922c326,1,0,432.3,4,0,0,17,0,2,1,5.756,1741,squad-fpp,27,26,1508,0,0.0,0,0.0,0,0,39.65,2,0,0.0385,39.65,<=10.00%,<=20.00%
3759835,0014f34eb060a1,e343abc54854e0,c634e7337fcf17,0,0,376.2,0,0,0,5,0,0,0,0.0,1808,solo,16,2,1500,0,0.0,0,0.0,0,0,27.92,4,0,0.0,27.92,<=10.00%,<=60.00%
3763252,33062b261a0de8,4a8f86ad150254,7de93bde8b29d5,0,0,639.0,0,0,0,7,0,0,0,0.0,1808,solo,17,2,1500,0,0.0,0,0.0,0,0,0.0,2,0,0.0,0.0,<=10.00%,<=20.00%
3770774,4d0512168685b9,6020579a858a92,888809ad630327,0,0,489.2,0,0,0,13,0,0,0,0.0,1808,solo,17,2,1500,0,0.0,0,0.0,0,0,0.0,2,0,0.0,0.0,<=10.00%,<=20.00%
3774774,b587eebc8301cb,1e3af9f0112249,1249a6c215d788,1,2,340.4,0,2,6,3,0,3,1,102.6,562,normal-duo-fpp,3,3,1500,0,0.0,0,0.0,0,0,0.0,6,0,1.0,0.0,<=10.00%,<=90.00%
3782976,043f913d14f3f0,5c763c0cfe8a74,7c6b0dea2dcc8a,0,0,380.0,3,1,0,20,1255,2,2,15.63,1350,squad-fpp,29,28,-1,0,0.0,0,0.0,0,0,35.73,1,1478,0.1071,35.73,<=10.00%,<=10.00%
3796539,5d37bc8ee1014e,afad15c4f81158,015c7dc3bfecf6,0,0,395.5,0,0,0,15,0,0,0,0.0,1808,solo,16,2,1500,0,0.0,0,0.0,0,0,0.0,3,0,0.0,0.0,<=10.00%,<=40.00%
3806306,d0a1d6c0c5a95d,e3d38aabae5fc1,74d4872a00d86e,0,2,339.7,0,0,0,2,0,0,0,0.0,1808,solo,17,2,1500,0,0.0,0,0.0,0,0,0.0,2,0,0.0,0.0,<=10.00%,<=20.00%
3809089,dc5a7e437f4a61,da4c40eadcb1ed,c8821ecfb3d512,0,0,429.1,0,0,0,11,0,0,0,0.0,1808,solo,18,2,1500,0,0.0,0,0.0,0,0,0.0,3,0,0.0,0.0,<=10.00%,<=40.00%
3816656,9e7171d474bf84,d15f833a302df5,e6e0f410931cbd,0,0,347.3,3,1,0,22,0,2,2,2.962,1824,squad-fpp,29,29,1458,0,0.0,0,0.0,0,0,38.84,2,0,0.1071,38.84,<=10.00%,<=20.00%
3821114,d9a5430976bbef,0d6fb79b0841e5,fc2bf2f35039f2,0,0,396.0,0,0,0,11,0,0,0,0.0,1808,solo,14,2,1500,0,0.0,0,0.0,0,0,0.0,1,0,0.0,0.0,<=10.00%,<=10.00%
3828996,fdca0489f33dcc,c778e9cbcd69f9,c8310cad8083cf,0,0,422.0,4,1,0,21,1970,2,2,5.698,1294,squad-fpp,30,29,-1,0,0.0,0,0.0,0,0,25.5,1,1594,0.0,25.5,<=10.00%,<=10.00%
3833567,cf212856ec1552,cab5d9f7aeee1e,5ea653b5906506,0,0,391.0,0,0,0,15,0,0,0,0.0,1808,solo,18,2,1500,0,0.0,0,0.0,0,0,0.0,3,0,0.0,0.0,<=10.00%,<=40.00%
3837167,5668ab93d309a3,fca7698a7b958d,b829fdd1fa54b6,0,4,941.8,0,0,12,1,0,0,0,0.0,1506,solo,16,1,1500,0,0.0,0,0.0,0,0,0.0,2,0,0.0,0.0,<=10.00%,<=20.00%
3841031,d35bc4f3a574a9,a81a17e769f97b,89658ff71373e0,0,0,441.4,0,0,0,7,0,0,0,0.0,1808,solo,16,2,1500,0,0.0,0,0.0,0,0,0.0,4,0,0.0,0.0,<=10.00%,<=60.00%
3847891,2cbfda6509398e,13fe42d7682af9,f0b5328ad6a1b6,0,0,397.9,0,0,0,6,0,0,0,0.0,1808,solo,20,2,1500,0,0.0,0,0.0,0,0,0.0,3,0,0.0,0.0,<=10.00%,<=40.00%
3849861,6f4a5e3dac33ee,69f325f0cf4bba,56837f98325977,0,0,347.0,0,0,0,17,0,0,0,0.0,1794,solo,18,1,1500,0,0.0,0,0.0,0,0,0.0,2,0,0.0,0.0,<=10.00%,<=20.00%
3867086,9019e12858c11d,31c82270b32361,a952daf846cef6,3,0,604.6,6,2,1,14,0,8,1,28.9,897,normal-duo-fpp,15,13,1500,0,0.0,0,0.0,0,0,0.0,4,0,0.5,0.0,<=10.00%,<=60.00%
3871866,72d736d283c309,47fa7038a8ad88,09a47e6c3db47b,0,0,386.4,3,0,0,22,0,2,2,5.683,1520,squad-fpp,27,25,1516,0,0.0,0,0.0,0,0,34.97,1,0,0.0385,34.97,<=10.00%,<=10.00%
3883480,b5eda86f39b355,17458340d53333,ca76f6a5b58669,1,0,438.2,2,0,1,34,0,4,1,35.17,896,normal-squad-fpp,27,18,1500,0,0.0,0,0.0,0,0,17.18,5,0,0.8462,17.18,<=10.00%,<=70.00%
3887029,5bfd87edfefbe7,9626c5e80cb883,be3cd4e7fe9885,0,0,831.0,0,0,0,1,0,0,0,0.0,1270,solo,16,1,1500,0,0.0,0,0.0,0,0,0.0,5,0,0.0,0.0,<=10.00%,<=70.00%
3891338,5730ac9c1430b3,60b2849191c539,ff9cd80c0d8fb7,1,0,621.9,0,3,0,18,1000,7,2,26.18,799,normal-squad-fpp,10,10,-1,0,0.0,0,0.0,0,0,0.0,4,1500,0.8889,0.0,<=10.00%,<=60.00%
3894555,b226a07c1f272e,0e120a8d2f6105,07baf6b1ba3de9,0,0,336.6,0,0,0,3,0,0,0,0.0,1743,solo,18,1,1500,0,0.0,0,0.0,0,0,0.0,3,0,0.0,0.0,<=10.00%,<=40.00%
3917670,22e7fd049515fc,458d4d462cf48f,95e928b5f66028,0,0,473.9,0,0,0,14,0,0,0,0.0,1808,solo,17,2,1500,0,0.0,0,0.0,0,0,0.0,1,0,0.0,0.0,<=10.00%,<=10.00%
3919588,fb2a7aa111fd47,309c525be2afac,011f1afe2db83d,0,0,337.6,0,0,0,6,0,0,0,0.0,1808,solo,17,2,1500,0,0.0,0,0.0,0,0,0.0,6,0,0.0,0.0,<=10.00%,<=90.00%
3927383,ce21393e3d584c,78841b7e7c8b2d,a387f87e3c0d1a,0,0,365.5,0,0,0,8,0,0,0,0.0,1808,solo,17,2,1500,0,0.0,0,0.0,0,0,0.0,1,0,0.0,0.0,<=10.00%,<=10.00%
3936805,8f44d10e29851d,8d09aaeed450aa,35708abada6928,0,0,384.1,2,0,0,20,1507,2,2,6.448,1415,duo-fpp,45,45,0,0,0.0,0,0.0,0,0,42.05,2,1419,0.0909,42.05,<=10.00%,<=20.00%
3951497,cb95e4d4d1046c,42f50176c37edc,73ef504fd21c7d,2,0,356.9,4,0,0,16,1000,2,1,39.6,897,normal-squad-fpp,7,7,-1,0,0.0,0,0.0,0,0,0.0,5,1500,0.8333,0.0,<=10.00%,<=70.00%
3955412,fe2123e2d03a37,4b32879bee89a8,0721fe7199949c,0,0,336.1,2,0,0,22,1294,2,2,10.88,1813,duo-fpp,49,49,-1,0,0.0,0,0.0,0,0,32.66,1,1514,0.2083,32.66,<=10.00%,<=10.00%
3962709,17745661602ddc,91f985e5f9bc5c,599a98358a2601,0,1,479.3,0,0,5,3,0,0,0,0.0,1808,solo,18,2,1500,0,0.0,0,0.0,0,0,0.0,4,0,1.0,0.0,<=10.00%,<=60.00%
3968348,d1865579208a9a,45b0b96489d8db,cc25bacb0d81ec,0,0,884.5,0,0,0,10,0,0,0,0.0,1808,solo,19,2,1500,0,0.0,0,0.0,0,0,0.0,4,0,0.0,0.0,<=10.00%,<=60.00%
3968871,9d8c317dab0dd3,41acc005312213,f23e6cc2405f62,1,0,346.5,2,1,0,18,0,2,1,9.123,1863,squad-fpp,28,27,1489,0,0.0,0,0.0,0,0,39.11,1,0,0.1481,39.11,<=10.00%,<=10.00%
3969790,5d336559df644d,8883fde1b8a849,e3cf26126d29c3,0,0,400.0,2,1,0,4,1641,4,2,4.782,1442,duo-fpp,49,46,-1,1,0.0,0,0.0,0,0,19.95,2,1499,0.2917,19.95,<=10.00%,<=20.00%
3983179,63e3ad5bdf4960,6b32b13aa9dbe2,3433e8e643688f,1,0,638.0,0,5,0,4,0,8,2,3.077,352,normal-squad-fpp,10,10,1500,0,0.0,0,0.0,0,0,0.0,3,0,0.5556,0.0,<=10.00%,<=40.00%
3988953,132eed3f60295f,8c5115be85a2a7,7ae14295044ffe,0,0,475.1,0,0,0,3,0,0,0,0.0,1174,solo,19,1,1500,0,0.0,0,0.0,0,0,0.0,2,0,0.0,0.0,<=10.00%,<=20.00%
3991935,48b2b39dfbf088,a7fe4574c3a301,599a98358a2601,0,1,501.4,0,0,6,6,0,0,0,0.0,1808,solo,18,2,1500,0,0.0,0,0.0,0,0,0.0,3,0,0.0,0.0,<=10.00%,<=40.00%
3994417,0cf6724fa3114d,b8433dbda0706d,8b02b7e3a4f9d5,0,0,431.7,0,0,0,11,0,0,0,0.0,1808,solo,17,2,1500,0,0.0,0,0.0,0,0,0.0,2,0,0.0,0.0,<=10.00%,<=20.00%
3995377,867e4617039ab9,bc7764324a1311,f1c58444c21401,0,0,376.2,0,0,0,10,0,0,0,0.0,1808,solo,19,2,1500,0,0.0,0,0.0,0,0,0.0,1,0,0.0,0.0,<=10.00%,<=10.00%
4004938,dbae3e136ec8ef,5ccccee03a7f17,fc0bbecba8db99,3,2,480.2,7,2,1,32,1000,4,1,108.2,1796,normal-squad-fpp,11,11,-1,0,0.0,0,0.0,0,0,0.0,4,1500,0.6,0.0,<=10.00%,<=60.00%
4013938,33e7cff6a08de2,029617b7eaec06,cc25bacb0d81ec,0,0,357.9,0,0,0,1,0,0,0,0.0,1808,solo,19,2,1500,0,0.0,0,0.0,0,0,0.0,6,0,1.0,0.0,<=10.00%,<=90.00%
4016120,04ae22038949bc,4ad8dab60e1537,ba83b020fd25b2,0,0,347.0,3,0,0,12,1076,3,3,7.857,1320,squad-fpp,31,30,-1,0,0.0,0,0.0,0,0,37.35,1,1460,0.1,37.35,<=10.00%,<=10.00%
4037381,72359e7c553ee4,21fd8481c7cee6,cb36fab737f9fd,0,0,344.3,0,0,0,12,0,0,0,0.0,1808,solo,19,2,1500,0,0.0,0,0.0,0,0,0.0,5,0,0.0,0.0,<=10.00%,<=70.00%
4039064,19d4800fd0dcef,3f432655ec9017,d3af55d46bdcd6,0,0,347.3,3,2,0,9,0,3,2,10.9,1396,squad-fpp,29,28,1486,0,0.0,0,0.0,0,0,34.05,2,0,0.1071,34.05,<=10.00%,<=20.00%
4048488,4efe3359c30ce2,82665fce6b9ef3,1103516b2c9a34,0,0,400.0,4,1,0,4,1559,5,4,8.552,1380,squad-fpp,32,31,-1,0,0.0,0,0.0,0,0,41.53,2,1532,0.0323,41.53,<=10.00%,<=20.00%
4062471,426403bcbccae8,b8433dbda0706d,8b02b7e3a4f9d5,0,0,415.0,0,0,0,6,0,0,0,0.0,1808,solo,17,2,1500,0,0.0,0,0.0,0,0,0.0,2,0,0.0,0.0,<=10.00%,<=20.00%
4079234,42c6a36c240c5c,dab7af99a68c74,d6544440471223,0,0,400.0,3,1,0,12,1352,3,3,10.28,1410,duo-fpp,49,49,-1,0,0.0,0,0.0,0,0,33.24,1,1455,0.0833,33.24,<=10.00%,<=10.00%
4098965,ea6bf8f8d7c5a8,496d24d9cb40b0,30e0890c911171,0,0,479.0,3,0,0,12,0,3,2,59.6,1456,squad,30,29,1340,0,0.0,0,0.0,0,0,18.85,1,0,0.1379,18.85,<=10.00%,<=10.00%
4125300,af931c9362fff4,ddfd237bb66857,2798696f6875d7,0,0,349.2,0,0,0,11,0,0,0,0.0,950,solo,20,1,1500,0,0.0,0,0.0,0,0,0.0,1,0,0.0,0.0,<=10.00%,<=10.00%
4126870,e7e3af124eaf44,d3d26793d097b7,4202c9c526d2ad,0,0,343.0,0,0,0,15,0,0,0,0.0,1808,solo,18,2,1500,0,0.0,0,0.0,0,0,0.0,1,0,0.0,0.0,<=10.00%,<=10.00%
4130726,be9d6db9a41022,5e3bf21547d3d4,f320af9730c29f,0,3,396.0,0,0,1,6,0,0,0,0.0,1808,solo,18,2,1500,0,0.0,0,0.0,0,0,0.0,6,0,0.0,0.0,<=10.00%,<=90.00%
4140248,d9b1cdd17b17ce,00f76e98c6e6dd,03da8c737b3fe2,0,0,416.5,0,0,0,2,0,0,0,0.0,1808,solo,17,2,1500,0,0.0,0,0.0,0,0,0.0,6,0,1.0,0.0,<=10.00%,<=90.00%
4140257,f651bba2c3ba4d,555dbfb90f7988,517c0875181976,0,0,395.2,2,0,0,23,1596,2,2,11.89,1460,duo-fpp,49,49,-1,0,0.0,0,0.0,0,0,40.68,1,1516,0.0625,40.68,<=10.00%,<=10.00%
4145567,dfffe21281dad1,f078ffc87411a7,df24bc9788bf0b,0,0,334.1,0,0,0,14,0,0,0,0.0,1808,solo,16,2,1500,0,0.0,0,0.0,0,0,0.0,4,0,0.0,0.0,<=10.00%,<=60.00%
4156007,52f1be2cec759d,3360f5809b440b,d04ff89fe96c1c,1,0,344.5,2,0,0,7,1371,4,2,8.877,1878,duo-fpp,47,46,-1,0,0.0,0,0.0,0,0,25.29,1,1398,0.1304,25.29,<=10.00%,<=10.00%
4168868,a45507b98208ec,87dce9a2f87794,c5d0315d89cdbf,1,0,333.9,4,0,0,35,0,1,1,6.377,1891,squad,31,31,1344,1,0.0,0,0.0,0,0,34.99,1,0,0.0667,34.99,<=10.00%,<=10.00%
4169959,050ac9d4597b34,36286d96dbd0eb,01ad9ab6e931b8,0,0,393.6,0,0,0,12,0,0,0,0.0,1808,solo,17,2,1500,0,0.0,0,0.0,0,0,0.0,1,0,0.0,0.0,<=10.00%,<=10.00%
4178766,bbb66da851c6f7,9f12868c829831,3bbcac68010552,0,0,364.7,2,2,2,13,0,3,3,26.41,1384,squad,28,28,1496,0,0.0,0,0.0,0,0,27.21,1,0,0.0741,27.21,<=10.00%,<=10.00%
4184057,31c2070f9b584e,d2cd940986df56,17536a9f1481b5,0,0,473.0,0,0,0,8,0,0,0,0.0,1808,solo,17,2,1500,0,0.0,0,0.0,0,0,0.0,4,0,0.0,0.0,<=10.00%,<=60.00%
4187432,1e39d9145f84fd,8e6dad004ce975,1878ddfa711536,0,0,536.7,0,0,0,10,0,0,0,0.0,1808,solo,16,2,1500,0,0.0,0,0.0,0,0,0.0,2,0,0.0,0.0,<=10.00%,<=20.00%
4187585,86562772a02765,afad15c4f81158,015c7dc3bfecf6,0,0,346.9,0,0,0,13,0,0,0,0.0,1808,solo,16,2,1500,0,0.0,0,0.0,0,0,0.0,2,0,0.0,0.0,<=10.00%,<=20.00%
4191306,8d52e20b943ecb,3189f032df1a6b,9dc98466b9594d,0,0,341.7,2,0,0,40,0,3,2,95.4,559,normal-squad-fpp,10,10,1500,0,0.0,0,0.0,0,0,0.0,6,0,0.3333,0.0,<=10.00%,<=90.00%
4197381,ef9b1ff045b366,f3abc70716526e,e341afd3b9c5ea,0,0,669.6,0,0,0,7,0,0,0,0.0,1551,solo,18,1,1500,0,0.0,0,0.0,0,0,0.0,5,0,0.0,0.0,<=10.00%,<=70.00%
4207422,b7e88139b2f773,4e3dd15aad4af3,aa48812b7f6eb7,0,1,393.3,0,0,1,1,0,0,0,0.0,1808,solo,19,2,1500,0,0.0,0,0.0,0,0,0.0,3,0,1.0,0.0,<=10.00%,<=40.00%
4210724,5635c5f92bf74e,93fdb8c2936930,818e099d16ef82,0,0,731.4,0,0,0,4,0,0,0,0.0,1808,solo,17,2,1500,0,0.0,0,0.0,0,0,0.0,6,0,1.0,0.0,<=10.00%,<=90.00%
4244457,1cf85a420ed7cd,18e6656fb2e9fd,09dd68e04016d1,0,0,361.9,3,1,0,39,0,1,1,7.491,1329,squad,26,23,1478,0,0.0,0,0.0,0,0,35.03,1,0,0.0,35.03,<=10.00%,<=10.00%
4284056,faa643a5350253,4cf84dd0510737,64861f14df8d12,1,0,500.0,3,0,0,8,1260,4,3,19.82,1379,squad-fpp,27,27,-1,0,0.0,0,0.0,0,0,30.2,3,1446,0.2308,30.2,<=10.00%,<=40.00%
4295727,613e71582c47fe,c056f6da238496,141c041f1bf675,0,0,369.1,2,1,0,10,0,3,3,10.95,1377,squad-fpp,26,25,1431,0,0.0,0,0.0,0,0,27.38,1,0,0.04,27.38,<=10.00%,<=10.00%
4304177,e62d95a155d719,22818b9a9a6159,486200c5613f14,0,0,415.4,0,0,0,1,0,0,0,0.0,1808,solo,19,2,1500,0,0.0,0,0.0,0,0,0.0,5,0,1.0,0.0,<=10.00%,<=70.00%
4324754,7a9fe5c4f4bc6d,2fb909218de0b1,fda32450218c77,0,0,548.0,0,0,0,5,0,0,0,0.0,1808,solo,18,2,1500,0,0.0,0,0.0,0,0,0.0,6,0,0.0,0.0,<=10.00%,<=90.00%
4328268,47d25e17f78574,5d9cf2203f7212,3d17ad8fd30929,0,0,354.6,2,0,0,12,0,3,1,4.815,1904,squad-fpp,28,28,1427,1,0.0,0,0.0,0,0,39.07,2,0,0.037,39.07,<=10.00%,<=20.00%
4332255,9baf93bf20ca23,bba30ed198cd8e,f014d3a97e700d,0,0,396.0,0,0,0,5,0,0,0,0.0,1808,solo,18,2,1500,0,0.0,0,0.0,0,0,0.0,1,0,0.0,0.0,<=10.00%,<=10.00%
4333560,81b91d76aac387,8925db2f6ef4ce,9b3e64b9e01f81,1,0,348.4,3,2,0,24,1442,2,2,36.11,1789,squad,27,26,-1,0,0.0,0,0.0,0,0,41.73,1,1496,0.0,41.73,<=10.00%,<=10.00%
4337121,65913e215ddaf9,9d010232fd5264,2c7ee565a600c6,0,0,396.0,0,0,0,2,0,0,0,0.0,1719,solo,16,1,1500,0,0.0,0,0.0,0,0,0.0,3,0,0.0,0.0,<=10.00%,<=40.00%
4352667,800fb29427e0f0,d4e51769f062b6,ea31f72fb8b639,0,0,575.2,0,0,0,10,0,0,0,0.0,1808,solo,11,2,1500,0,0.0,0,0.0,0,0,0.0,1,0,0.0,0.0,<=10.00%,<=10.00%
4355295,e982d1cdf4c2d5,5a6ed4dd7fb18b,8430bd008e0da8,0,0,443.9,0,0,0,1,0,0,0,0.0,1808,solo,17,2,1500,0,0.0,0,0.0,0,0,0.0,4,0,1.0,0.0,<=10.00%,<=60.00%
4355426,5c99ac431a610f,a81a17e769f97b,89658ff71373e0,0,0,382.9,0,0,1,3,0,0,0,0.0,1808,solo,16,2,1500,0,0.0,0,0.0,0,0,0.0,3,0,0.0,0.0,<=10.00%,<=40.00%
4367549,937140195287ce,1bb3a2ade6d7c0,e86d1f1b159623,0,0,369.8,3,1,0,9,1130,3,3,1.277,1891,squad,24,21,-1,0,0.0,0,0.0,0,0,5.67,0,1530,0.087,5.67,<=10.00%,<=10.00%
4370123,e4d250142a9759,77a033ebd79859,3968ebcef3bf3a,0,0,339.5,0,1,0,18,0,3,2,7.836,899,normal-solo-fpp,16,12,1500,0,0.0,0,0.0,0,0,0.0,4,0,0.8,0.0,<=10.00%,<=60.00%
4376342,a4daf0526eaf15,5177168c7eeea3,2632a6006dc6bf,0,0,396.2,2,2,0,21,0,2,2,5.37,1382,duo,50,49,1482,1,0.0,0,0.0,0,0,25.56,2,0,0.1633,25.56,<=10.00%,<=20.00%
4380825,0d13b66095371f,c98239253d4f3f,baf6cf44ed2aec,0,0,403.0,0,0,0,14,0,0,0,0.0,1808,solo,15,2,1500,0,0.0,0,0.0,0,0,0.0,1,0,0.0,0.0,<=10.00%,<=10.00%
4385883,200b66a8b935f5,259e60e9f2bbb9,aa48812b7f6eb7,0,0,465.0,0,0,0,19,0,0,0,0.0,1808,solo,19,2,1500,0,0.0,0,0.0,0,0,0.0,4,0,0.0,0.0,<=10.00%,<=60.00%
4401502,2fb5375595838a,8c5115be85a2a7,7ae14295044ffe,0,2,462.7,0,0,3,4,0,0,0,0.0,1174,solo,19,1,1500,0,0.0,0,0.0,0,0,0.0,2,0,0.0,0.0,<=10.00%,<=20.00%
4402178,cf9d59ce1baa52,ad925e94828b47,7da4ac04a13e13,0,0,375.6,0,0,0,10,0,0,0,0.0,1703,solo,17,1,1500,0,0.0,0,0.0,0,0,0.0,2,0,0.0,0.0,<=10.00%,<=20.00%
4405640,9fcacf50e469c6,9acf33c47c5c9e,f6466a2c8d7c21,0,0,342.1,0,1,0,14,1610,3,2,58.17,1431,solo-fpp,94,93,-1,0,0.0,0,0.0,0,0,9.957,1,1319,0.0968,9.957,<=10.00%,<=10.00%
4414840,3a838d395822aa,8d1c6d8dabf91f,bad3c3b366e139,0,0,512.2,0,0,0,11,0,0,0,0.0,1808,solo,15,2,1500,0,0.0,0,0.0,0,0,0.0,1,0,0.0,0.0,<=10.00%,<=10.00%
4416023,b0fbae39d79476,7fb3a83ebb050d,838cb9a3c94598,4,0,375.3,0,0,0,44,0,1,1,14.33,1195,normal-squad-fpp,8,8,1500,0,0.0,0,0.0,0,0,0.0,6,0,0.7143,0.0,<=10.00%,<=90.00%
4418024,b905ff9e7de194,a33164b44de477,4a0c4ebc9676bf,0,0,360.1,0,0,0,15,0,0,0,0.0,1808,solo,19,2,1500,0,0.0,0,0.0,0,0,0.0,2,0,0.0,0.0,<=10.00%,<=20.00%
4418926,aea9e2c651a06c,5fd7619cd85153,7470f0d1d5938c,0,0,495.0,0,0,0,12,0,0,0,0.0,1808,solo,18,2,1500,0,0.0,0,0.0,0,0,0.0,4,0,0.0,0.0,<=10.00%,<=60.00%
4423018,f772d7a2be33c2,598091d47a7841,0600f86f11c6e4,1,0,518.9,6,2,0,9,0,6,2,57.39,583,normal-squad,6,6,1500,0,0.0,0,0.0,0,0,0.0,4,0,0.6,0.0,<=10.00%,<=60.00%
4426500,8cbbe7d8126929,48e0c07e1689f8,88b2a2980a3713,3,2,1065.0,0,3,6,15,0,10,3,65.45,899,normal-squad-fpp,8,8,1500,0,0.0,0,0.0,0,0,0.0,6,0,0.8571,0.0,<=10.00%,<=90.00%
4427895,bdc24716aa0fcc,2b0291ea27e624,0b08d1f70bc0e4,0,0,361.6,1,1,0,10,1648,3,2,8.905,1914,duo-fpp,41,38,-1,0,0.0,0,0.0,1,0,42.08,1,1542,0.2,42.08,<=10.00%,<=10.00%
4431105,7375af0de1f60c,96a5ad65f1d7a9,95f3066785de2a,0,0,435.7,0,0,0,8,0,0,0,0.0,1721,solo,17,1,1500,0,0.0,0,0.0,0,0,0.0,4,0,0.0,0.0,<=10.00%,<=60.00%
